sample_id,message_text,label,category,risk_indicators,risk_level,risk_score,explanation,generation_method,synthetic_data
SYNTH_TXT_LEGIT_0105,Your requested invoice for purchase #40784 is available for download in your customer account.,legitimate_demo,Customer Notification,[],LOW,12.5,Standard benign notification containing no social engineering or urgency markers.,programmatic_fictional_template_variation,True
SYNTH_TXT_SCAM_0360,Income Tax Notice: Discrepancy detected in FY24 assessment. Avoid asset freeze and criminal penalty by verifying ITR immediately: https://incometax-filing-alert.example/98895,suspicious_demo,Tax Authority Scam,"['asset freeze', 'criminal penalty', 'immediate action']",MEDIUM,86.0,Contains social engineering patterns matching Tax Authority Scam with artificial urgency.,programmatic_fictional_threat_pattern_generation,True
SYNTH_TXT_SCAM_0267,FINAL WARNING: URGENT: Delhi High Court has issued a non-bailable arrest warrant against your phone number. Report online in 30 minutes at https://ecourt-warrant.example/62184,suspicious_demo,Authority Impersonation,"['Court warrant', 'non-bailable', 'urgent arrest']",HIGH,73.6,Contains social engineering patterns matching Authority Impersonation with artificial urgency.,programmatic_fictional_threat_pattern_generation,True
SYNTH_TXT_SCAM_0447,FINAL WARNING: URGENT: Delhi High Court has issued a non-bailable arrest warrant against your phone number. Report online in 30 minutes at https://ecourt-warrant.example/54791,suspicious_demo,Authority Impersonation,"['Court warrant', 'non-bailable', 'urgent arrest']",HIGH,94.4,Contains social engineering patterns matching Authority Impersonation with artificial urgency.,programmatic_fictional_threat_pattern_generation,True
SYNTH_TXT_SCAM_0363,"FINAL WARNING: ICICI Bank: Unrecognized login attempt from Russia. If this was not you, block card and share cancellation OTP: 61807",suspicious_demo,Fake Security Alert,"['unrecognized login', 'share OTP', 'block card']",HIGH,95.5,Contains social engineering patterns matching Fake Security Alert with artificial urgency.,programmatic_fictional_threat_pattern_generation,True
SYNTH_TXT_LEGIT_0114,"Your train ticket PNR 76162 is confirmed. Coach B2, Seat 45. Departure scheduled 05-Nov at 06:15 AM.",legitimate_demo,Customer Notification,[],LOW,13.7,Standard benign notification containing no social engineering or urgency markers.,programmatic_fictional_template_variation,True
SYNTH_TXT_LEGIT_0091,Reminder: Your scheduled dental consultation with Dr. Mehta is on 25-Oct at 11:30 AM. Call clinic to reschedule.,legitimate_demo,Customer Notification,[],LOW,2.5,Standard benign notification containing no social engineering or urgency markers.,programmatic_fictional_template_variation,True
SYNTH_TXT_LEGIT_0004,Shipment update: Package #88907 has cleared the regional hub and is moving on schedule.,legitimate_demo,Customer Notification,[],LOW,11.3,Standard benign notification containing no social engineering or urgency markers.,programmatic_fictional_template_variation,True
SYNTH_TXT_LEGIT_0236,Your broadband connection has been renewed successfully. Next billing cycle commences on 22-Oct. Helpline: 1800-000-000.,legitimate_demo,Customer Notification,[],LOW,10.1,Standard benign notification containing no social engineering or urgency markers.,programmatic_fictional_template_variation,True
SYNTH_TXT_LEGIT_0101,Your package with tracking number TRK-86019 from Courier Express is out for delivery with driver Rahul. Helpline: 1800-000-000.,legitimate_demo,Customer Notification,[],LOW,8.0,Standard benign notification containing no social engineering or urgency markers.,programmatic_fictional_template_variation,True
SYNTH_TXT_SCAM_0495,FINAL WARNING: Income Tax Notice: Discrepancy detected in FY24 assessment. Avoid asset freeze and criminal penalty by verifying ITR immediately: https://incometax-filing-alert.example/12490,suspicious_demo,Tax Authority Scam,"['asset freeze', 'criminal penalty', 'immediate action']",MEDIUM,72.9,Contains social engineering patterns matching Tax Authority Scam with artificial urgency.,programmatic_fictional_threat_pattern_generation,True
SYNTH_TXT_LEGIT_0126,"Dear Customer, INR 28000.00 has been debited from your A/c ending 6729 on 02-Nov. Ref: 97670. Helpline: 1800-000-000.",legitimate_demo,Customer Notification,[],LOW,11.4,Standard benign notification containing no social engineering or urgency markers.,programmatic_fictional_template_variation,True
SYNTH_TXT_SCAM_0301,"Dear SBI Customer, your YONO account will be blocked today due to pending PAN KYC. Update PAN card now at https://sbi-kyc-verify.example/20589",suspicious_demo,Banking KYC Scam,"['account blocked', 'pending KYC', 'update PAN', 'urgent']",MEDIUM,75.0,Contains social engineering patterns matching Banking KYC Scam with artificial urgency.,programmatic_fictional_threat_pattern_generation,True
SYNTH_TXT_SCAM_0268,Customs Seizure Alert: A FedEx courier containing illegal narcotics and fake passports under your name was seized. Pay verification deposit at https://customs-nodal.example/26011,suspicious_demo,Customs Seizure,"['customs seized', 'narcotics', 'verification deposit']",MEDIUM,94.4,Contains social engineering patterns matching Customs Seizure with artificial urgency.,programmatic_fictional_threat_pattern_generation,True
SYNTH_TXT_LEGIT_0127,Salary credit of INR 1250.00 has been deposited into your account ending 9014. Available balance updated.,legitimate_demo,Customer Notification,[],LOW,13.8,Standard benign notification containing no social engineering or urgency markers.,programmatic_fictional_template_variation,True
SYNTH_TXT_SCAM_0369,"Congratulations! Your mobile number won 1st prize of INR 25,00,000 in KBC Lucky Draw 2026. Contact lottery manager Rana at +91 97777 66446",suspicious_demo,Lottery Fraud,"['KBC lucky draw', 'won 25 lakhs', 'lottery manager']",MEDIUM,70.4,Contains social engineering patterns matching Lottery Fraud with artificial urgency.,programmatic_fictional_threat_pattern_generation,True
SYNTH_TXT_LEGIT_0244,Shipment update: Package #71385 has cleared the regional hub and is moving on schedule.,legitimate_demo,Customer Notification,[],LOW,13.2,Standard benign notification containing no social engineering or urgency markers.,programmatic_fictional_template_variation,True
SYNTH_TXT_SCAM_0300,Income Tax Notice: Discrepancy detected in FY24 assessment. Avoid asset freeze and criminal penalty by verifying ITR immediately: https://incometax-filing-alert.example/68138,suspicious_demo,Tax Authority Scam,"['asset freeze', 'criminal penalty', 'immediate action']",MEDIUM,67.3,Contains social engineering patterns matching Tax Authority Scam with artificial urgency.,programmatic_fictional_threat_pattern_generation,True
SYNTH_TXT_LEGIT_0131,Reminder: Your scheduled dental consultation with Dr. Mehta is on 25-Oct at 11:30 AM. Call clinic to reschedule. Helpline: 1800-000-000.,legitimate_demo,Customer Notification,[],LOW,11.8,Standard benign notification containing no social engineering or urgency markers.,programmatic_fictional_template_variation,True
SYNTH_TXT_LEGIT_0055,Hotel booking confirmed at Grand Residency for check-in on 05-Nov. Reservation ID: 40982.,legitimate_demo,Customer Notification,[],LOW,8.3,Standard benign notification containing no social engineering or urgency markers.,programmatic_fictional_template_variation,True
SYNTH_TXT_LEGIT_0029,UPI transaction of INR 28000.00 to Grocery Store was successful on 25-Oct. Ref: 25014.,legitimate_demo,Customer Notification,[],LOW,12.0,Standard benign notification containing no social engineering or urgency markers.,programmatic_fictional_template_variation,True
SYNTH_TXT_LEGIT_0184,Shipment update: Package #75597 has cleared the regional hub and is moving on schedule.,legitimate_demo,Customer Notification,[],LOW,3.0,Standard benign notification containing no social engineering or urgency markers.,programmatic_fictional_template_variation,True
SYNTH_TXT_SCAM_0302,HDFC Alert: Your bank debit card is temporarily suspended. Submit OTP and unfreeze account immediately at https://hdfc-unfreeze-secure.example/29442,suspicious_demo,Card Suspension,"['card suspended', 'submit OTP', 'unfreeze']",HIGH,67.0,Contains social engineering patterns matching Card Suspension with artificial urgency.,programmatic_fictional_threat_pattern_generation,True
SYNTH_TXT_SCAM_0491,FINAL WARNING: Digital Arrest Notice: CBI Cyber Cell has flagged your Aadhaar in money laundering. Connect via Skype immediately to avoid arrest: https://cbi-investigation.example/71925,suspicious_demo,Authority Impersonation,"['CBI', 'Digital Arrest', 'warrant', 'immediate arrest']",HIGH,86.6,Contains social engineering patterns matching Authority Impersonation with artificial urgency.,programmatic_fictional_threat_pattern_generation,True
SYNTH_TXT_SCAM_0480,Income Tax Notice: Discrepancy detected in FY24 assessment. Avoid asset freeze and criminal penalty by verifying ITR immediately: https://incometax-filing-alert.example/67340,suspicious_demo,Tax Authority Scam,"['asset freeze', 'criminal penalty', 'immediate action']",MEDIUM,67.8,Contains social engineering patterns matching Tax Authority Scam with artificial urgency.,programmatic_fictional_threat_pattern_generation,True
SYNTH_TXT_SCAM_0356,Digital Arrest Notice: CBI Cyber Cell has flagged your Aadhaar in money laundering. Connect via Skype immediately to avoid arrest: https://cbi-investigation.example/89570,suspicious_demo,Authority Impersonation,"['CBI', 'Digital Arrest', 'warrant', 'immediate arrest']",HIGH,78.7,Contains social engineering patterns matching Authority Impersonation with artificial urgency.,programmatic_fictional_threat_pattern_generation,True
SYNTH_TXT_SCAM_0411,"FINAL WARNING: Earn INR 5,000 to 15,000 daily working part-time from home! Only 30 minutes daily reviewing travel videos. Join WhatsApp mentor: https://wa.example/76462",suspicious_demo,Task Job Scam,"['daily income', 'part time', 'review videos', 'WhatsApp mentor']",MEDIUM,76.9,Contains social engineering patterns matching Task Job Scam with artificial urgency.,programmatic_fictional_threat_pattern_generation,True
SYNTH_TXT_SCAM_0438,"ICICI Bank: Unrecognized login attempt from Russia. If this was not you, block card and share cancellation OTP: 21104",suspicious_demo,Fake Security Alert,"['unrecognized login', 'share OTP', 'block card']",HIGH,74.6,Contains social engineering patterns matching Fake Security Alert with artificial urgency.,programmatic_fictional_threat_pattern_generation,True
SYNTH_TXT_SCAM_0287,FINAL WARNING: HDFC Alert: Your bank debit card is temporarily suspended. Submit OTP and unfreeze account immediately at https://hdfc-unfreeze-secure.example/16868,suspicious_demo,Card Suspension,"['card suspended', 'submit OTP', 'unfreeze']",HIGH,68.9,Contains social engineering patterns matching Card Suspension with artificial urgency.,programmatic_fictional_threat_pattern_generation,True
SYNTH_TXT_SCAM_0452,HDFC Alert: Your bank debit card is temporarily suspended. Submit OTP and unfreeze account immediately at https://hdfc-unfreeze-secure.example/80748,suspicious_demo,Card Suspension,"['card suspended', 'submit OTP', 'unfreeze']",HIGH,90.9,Contains social engineering patterns matching Card Suspension with artificial urgency.,programmatic_fictional_threat_pattern_generation,True
SYNTH_TXT_SCAM_0290,"Bank Alert: Your reward points worth INR 9,850 are expiring tonight. Redeem cash directly to bank account at https://bank-reward-redeem.example/57453",suspicious_demo,Points Expiry Scam,"['reward points expiring', 'redeem cash', 'tonight only']",MEDIUM,80.9,Contains social engineering patterns matching Points Expiry Scam with artificial urgency.,programmatic_fictional_threat_pattern_generation,True
SYNTH_TXT_LEGIT_0027,Salary credit of INR 12450.00 has been deposited into your account ending 1042. Available balance updated.,legitimate_demo,Customer Notification,[],LOW,7.0,Standard benign notification containing no social engineering or urgency markers.,programmatic_fictional_template_variation,True
SYNTH_TXT_SCAM_0395,"FINAL WARNING: Bank Alert: Your reward points worth INR 9,850 are expiring tonight. Redeem cash directly to bank account at https://bank-reward-redeem.example/88957",suspicious_demo,Points Expiry Scam,"['reward points expiring', 'redeem cash', 'tonight only']",MEDIUM,69.7,Contains social engineering patterns matching Points Expiry Scam with artificial urgency.,programmatic_fictional_threat_pattern_generation,True
SYNTH_TXT_SCAM_0444,"Congratulations! Your mobile number won 1st prize of INR 25,00,000 in KBC Lucky Draw 2026. Contact lottery manager Rana at +91 97777 65496",suspicious_demo,Lottery Fraud,"['KBC lucky draw', 'won 25 lakhs', 'lottery manager']",MEDIUM,80.8,Contains social engineering patterns matching Lottery Fraud with artificial urgency.,programmatic_fictional_threat_pattern_generation,True
SYNTH_TXT_SCAM_0463,FINAL WARNING: Customs Seizure Alert: A FedEx courier containing illegal narcotics and fake passports under your name was seized. Pay verification deposit at https://customs-nodal.example/68841,suspicious_demo,Customs Seizure,"['customs seized', 'narcotics', 'verification deposit']",MEDIUM,72.3,Contains social engineering patterns matching Customs Seizure with artificial urgency.,programmatic_fictional_threat_pattern_generation,True
SYNTH_TXT_LEGIT_0106,"Dear Valued Customer, INR 450.00 has been debited from your A/c ending 1042 on 22-Oct. Ref: 29313.",legitimate_demo,Customer Notification,[],LOW,14.8,Standard benign notification containing no social engineering or urgency markers.,programmatic_fictional_template_variation,True
SYNTH_TXT_SCAM_0273,"ICICI Bank: Unrecognized login attempt from Russia. If this was not you, block card and share cancellation OTP: 41925",suspicious_demo,Fake Security Alert,"['unrecognized login', 'share OTP', 'block card']",HIGH,95.7,Contains social engineering patterns matching Fake Security Alert with artificial urgency.,programmatic_fictional_threat_pattern_generation,True
SYNTH_TXT_SCAM_0482,HDFC Alert: Your bank debit card is temporarily suspended. Submit OTP and unfreeze account immediately at https://hdfc-unfreeze-secure.example/55820,suspicious_demo,Card Suspension,"['card suspended', 'submit OTP', 'unfreeze']",HIGH,93.8,Contains social engineering patterns matching Card Suspension with artificial urgency.,programmatic_fictional_threat_pattern_generation,True
SYNTH_TXT_SCAM_0374,National Cyber Crime Bureau: Your device IP was traced in criminal operations. Call Investigating Inspector Verma immediately at +91 99999 15544 or face police raid.,suspicious_demo,Police Impersonation,"['police raid', 'cyber crime bureau', 'criminal operation']",MEDIUM,78.5,Contains social engineering patterns matching Police Impersonation with artificial urgency.,programmatic_fictional_threat_pattern_generation,True
SYNTH_TXT_SCAM_0321,"Earn INR 5,000 to 15,000 daily working part-time from home! Only 30 minutes daily reviewing travel videos. Join WhatsApp mentor: https://wa.example/58843",suspicious_demo,Task Job Scam,"['daily income', 'part time', 'review videos', 'WhatsApp mentor']",MEDIUM,90.2,Contains social engineering patterns matching Task Job Scam with artificial urgency.,programmatic_fictional_threat_pattern_generation,True
SYNTH_TXT_SCAM_0420,Income Tax Notice: Discrepancy detected in FY24 assessment. Avoid asset freeze and criminal penalty by verifying ITR immediately: https://incometax-filing-alert.example/32617,suspicious_demo,Tax Authority Scam,"['asset freeze', 'criminal penalty', 'immediate action']",MEDIUM,66.2,Contains social engineering patterns matching Tax Authority Scam with artificial urgency.,programmatic_fictional_threat_pattern_generation,True
SYNTH_TXT_LEGIT_0230,Your recurring auto-debit of INR 85000.00 for utility bill payment has been processed.,legitimate_demo,Customer Notification,[],LOW,15.0,Standard benign notification containing no social engineering or urgency markers.,programmatic_fictional_template_variation,True
SYNTH_TXT_SCAM_0349,Urgent: Your bank electricity power will be disconnected at 9:30 PM due to unpaid bill. Call nodal power officer at +91 98888 58503 immediately.,suspicious_demo,Utility Disconnection,"['electricity disconnected', 'call officer', 'immediate payment']",MEDIUM,74.7,Contains social engineering patterns matching Utility Disconnection with artificial urgency.,programmatic_fictional_threat_pattern_generation,True
SYNTH_TXT_LEGIT_0109,UPI transaction of INR 1250.00 to Grocery Store was successful on 12-Oct. Ref: 41979.,legitimate_demo,Customer Notification,[],LOW,13.6,Standard benign notification containing no social engineering or urgency markers.,programmatic_fictional_template_variation,True
SYNTH_TXT_SCAM_0307,FINAL WARNING: Exclusive Crypto Trading Opportunity: Guaranteed 300% return in 48 hours using automated arbitrage algorithm. Deposit minimum $100 to wallet: https://crypto-growth.example/69469,suspicious_demo,Crypto Fraud,"['guaranteed 300%', 'automated arbitrage', 'deposit wallet']",MEDIUM,80.7,Contains social engineering patterns matching Crypto Fraud with artificial urgency.,programmatic_fictional_threat_pattern_generation,True
SYNTH_TXT_LEGIT_0020,Thank you for attending today's webinar on digital governance. Workshop slides have been emailed.,legitimate_demo,Customer Notification,[],LOW,13.9,Standard benign notification containing no social engineering or urgency markers.,programmatic_fictional_template_variation,True
SYNTH_TXT_LEGIT_0076,Your broadband connection has been renewed successfully. Next billing cycle commences on 28-Oct.,legitimate_demo,Customer Notification,[],LOW,12.0,Standard benign notification containing no social engineering or urgency markers.,programmatic_fictional_template_variation,True
SYNTH_TXT_SCAM_0318,"ICICI Bank: Unrecognized login attempt from Russia. If this was not you, block card and share cancellation OTP: 72163",suspicious_demo,Fake Security Alert,"['unrecognized login', 'share OTP', 'block card']",HIGH,67.1,Contains social engineering patterns matching Fake Security Alert with artificial urgency.,programmatic_fictional_threat_pattern_generation,True
SYNTH_TXT_LEGIT_0196,Your broadband connection has been renewed successfully. Next billing cycle commences on 05-Nov.,legitimate_demo,Customer Notification,[],LOW,10.1,Standard benign notification containing no social engineering or urgency markers.,programmatic_fictional_template_variation,True
SYNTH_TXT_LEGIT_0060,Thank you for attending today's webinar on digital governance. Workshop slides have been emailed.,legitimate_demo,Customer Notification,[],LOW,8.5,Standard benign notification containing no social engineering or urgency markers.,programmatic_fictional_template_variation,True
SYNTH_TXT_SCAM_0340,"Fast Personal Loan Approved: INR 5,00,000 pre-approved with zero interest for 6 months. Pay 2% processing fee to disburse: https://instant-loan-hub.example/45818",suspicious_demo,Loan Processing Fraud,"['pre-approved loan', 'zero interest', 'pay processing fee']",MEDIUM,86.8,Contains social engineering patterns matching Loan Processing Fraud with artificial urgency.,programmatic_fictional_threat_pattern_generation,True
SYNTH_TXT_LEGIT_0194,"Your train ticket PNR 52372 is confirmed. Coach B2, Seat 45. Departure scheduled 02-Nov at 06:15 AM.",legitimate_demo,Customer Notification,[],LOW,13.2,Standard benign notification containing no social engineering or urgency markers.,programmatic_fictional_template_variation,True
SYNTH_TXT_SCAM_0316,"Dear SBI Customer, your YONO account will be blocked today due to pending PAN KYC. Update PAN card now at https://sbi-kyc-verify.example/50963",suspicious_demo,Banking KYC Scam,"['account blocked', 'pending KYC', 'update PAN', 'urgent']",MEDIUM,85.6,Contains social engineering patterns matching Banking KYC Scam with artificial urgency.,programmatic_fictional_threat_pattern_generation,True
SYNTH_TXT_LEGIT_0215,Hotel booking confirmed at Grand Residency for check-in on 18-Oct. Reservation ID: 28894.,legitimate_demo,Customer Notification,[],LOW,3.0,Standard benign notification containing no social engineering or urgency markers.,programmatic_fictional_template_variation,True
SYNTH_TXT_SCAM_0344,National Cyber Crime Bureau: Your device IP was traced in criminal operations. Call Investigating Inspector Verma immediately at +91 99999 62531 or face police raid.,suspicious_demo,Police Impersonation,"['police raid', 'cyber crime bureau', 'criminal operation']",MEDIUM,67.2,Contains social engineering patterns matching Police Impersonation with artificial urgency.,programmatic_fictional_threat_pattern_generation,True
SYNTH_TXT_SCAM_0299,FINAL WARNING: National Cyber Crime Bureau: Your device IP was traced in criminal operations. Call Investigating Inspector Verma immediately at +91 99999 74260 or face police raid.,suspicious_demo,Police Impersonation,"['police raid', 'cyber crime bureau', 'criminal operation']",MEDIUM,87.1,Contains social engineering patterns matching Police Impersonation with artificial urgency.,programmatic_fictional_threat_pattern_generation,True
SYNTH_TXT_SCAM_0345,Income Tax Notice: Discrepancy detected in FY24 assessment. Avoid asset freeze and criminal penalty by verifying ITR immediately: https://incometax-filing-alert.example/92991,suspicious_demo,Tax Authority Scam,"['asset freeze', 'criminal penalty', 'immediate action']",MEDIUM,95.1,Contains social engineering patterns matching Tax Authority Scam with artificial urgency.,programmatic_fictional_threat_pattern_generation,True
SYNTH_TXT_LEGIT_0102,Order #67954 has been delivered to your front desk. Thank you for shopping with us.,legitimate_demo,Customer Notification,[],LOW,12.3,Standard benign notification containing no social engineering or urgency markers.,programmatic_fictional_template_variation,True
SYNTH_TXT_LEGIT_0125,Your requested invoice for purchase #45774 is available for download in your customer account.,legitimate_demo,Customer Notification,[],LOW,7.1,Standard benign notification containing no social engineering or urgency markers.,programmatic_fictional_template_variation,True
SYNTH_TXT_SCAM_0443,FINAL WARNING: Share Market Insider VIP Group: 100% accurate SEBI multi-bagger calls. Join private Telegram channel before link expires: https://t.example/22249,suspicious_demo,Stock Market Scam,"['100% accurate', 'insider VIP', 'multi-bagger', 'expires']",MEDIUM,85.0,Contains social engineering patterns matching Stock Market Scam with artificial urgency.,programmatic_fictional_threat_pattern_generation,True
SYNTH_TXT_SCAM_0428,Share Market Insider VIP Group: 100% accurate SEBI multi-bagger calls. Join private Telegram channel before link expires: https://t.example/53213,suspicious_demo,Stock Market Scam,"['100% accurate', 'insider VIP', 'multi-bagger', 'expires']",MEDIUM,67.9,Contains social engineering patterns matching Stock Market Scam with artificial urgency.,programmatic_fictional_threat_pattern_generation,True
SYNTH_TXT_LEGIT_0118,"Password for your corporate portal was updated successfully on 15-Oct. If not done by you, contact IT support.",legitimate_demo,Customer Notification,[],LOW,3.8,Standard benign notification containing no social engineering or urgency markers.,programmatic_fictional_template_variation,True
SYNTH_TXT_SCAM_0451,"FINAL WARNING: Dear SBI Customer, your YONO account will be blocked today due to pending PAN KYC. Update PAN card now at https://sbi-kyc-verify.example/23256",suspicious_demo,Banking KYC Scam,"['account blocked', 'pending KYC', 'update PAN', 'urgent']",MEDIUM,80.7,Contains social engineering patterns matching Banking KYC Scam with artificial urgency.,programmatic_fictional_threat_pattern_generation,True
SYNTH_TXT_LEGIT_0005,Your requested invoice for purchase #81426 is available for download in your customer account.,legitimate_demo,Customer Notification,[],LOW,9.7,Standard benign notification containing no social engineering or urgency markers.,programmatic_fictional_template_variation,True
SYNTH_TXT_SCAM_0470,"Bank Alert: Your reward points worth INR 9,850 are expiring tonight. Redeem cash directly to bank account at https://bank-reward-redeem.example/64874",suspicious_demo,Points Expiry Scam,"['reward points expiring', 'redeem cash', 'tonight only']",MEDIUM,95.0,Contains social engineering patterns matching Points Expiry Scam with artificial urgency.,programmatic_fictional_threat_pattern_generation,True
SYNTH_TXT_SCAM_0308,Share Market Insider VIP Group: 100% accurate SEBI multi-bagger calls. Join private Telegram channel before link expires: https://t.example/66387,suspicious_demo,Stock Market Scam,"['100% accurate', 'insider VIP', 'multi-bagger', 'expires']",MEDIUM,68.1,Contains social engineering patterns matching Stock Market Scam with artificial urgency.,programmatic_fictional_threat_pattern_generation,True
SYNTH_TXT_LEGIT_0085,Your requested invoice for purchase #53540 is available for download in your customer account.,legitimate_demo,Customer Notification,[],LOW,5.5,Standard benign notification containing no social engineering or urgency markers.,programmatic_fictional_template_variation,True
SYNTH_TXT_SCAM_0305,"Bank Alert: Your reward points worth INR 9,850 are expiring tonight. Redeem cash directly to bank account at https://bank-reward-redeem.example/52622 Do not ignore this statutory notice.",suspicious_demo,Points Expiry Scam,"['reward points expiring', 'redeem cash', 'tonight only']",MEDIUM,76.8,Contains social engineering patterns matching Points Expiry Scam with artificial urgency.,programmatic_fictional_threat_pattern_generation,True
SYNTH_TXT_LEGIT_0066,"Dear Customer, INR 1250.00 has been debited from your A/c ending 5531 on 25-Oct. Ref: 61876. Helpline: 1800-000-000.",legitimate_demo,Customer Notification,[],LOW,7.9,Standard benign notification containing no social engineering or urgency markers.,programmatic_fictional_template_variation,True
SYNTH_TXT_LEGIT_0026,"Dear Customer, INR 1250.00 has been debited from your A/c ending 5531 on 18-Oct. Ref: 24371. Helpline: 1800-000-000.",legitimate_demo,Customer Notification,[],LOW,12.3,Standard benign notification containing no social engineering or urgency markers.,programmatic_fictional_template_variation,True
SYNTH_TXT_SCAM_0437,HDFC Alert: Your bank debit card is temporarily suspended. Submit OTP and unfreeze account immediately at https://hdfc-unfreeze-secure.example/61374 Do not ignore this statutory notice.,suspicious_demo,Card Suspension,"['card suspended', 'submit OTP', 'unfreeze']",HIGH,69.0,Contains social engineering patterns matching Card Suspension with artificial urgency.,programmatic_fictional_threat_pattern_generation,True
SYNTH_TXT_SCAM_0484,Urgent: Your bank electricity power will be disconnected at 9:30 PM due to unpaid bill. Call nodal power officer at +91 98888 75799 immediately.,suspicious_demo,Utility Disconnection,"['electricity disconnected', 'call officer', 'immediate payment']",MEDIUM,76.6,Contains social engineering patterns matching Utility Disconnection with artificial urgency.,programmatic_fictional_threat_pattern_generation,True
SYNTH_TXT_LEGIT_0092,Your vehicle routine service is scheduled for 28-Oct at Service Hub Center. Kindly bring your warranty book.,legitimate_demo,Customer Notification,[],LOW,7.7,Standard benign notification containing no social engineering or urgency markers.,programmatic_fictional_template_variation,True
SYNTH_TXT_LEGIT_0203,Your grocery order #73242 is packed and scheduled for delivery between 4 PM and 6 PM today.,legitimate_demo,Customer Notification,[],LOW,9.2,Standard benign notification containing no social engineering or urgency markers.,programmatic_fictional_template_variation,True
SYNTH_TXT_LEGIT_0048,Your monthly credit card e-statement for card ending 1042 is ready. Total due INR 1250. Due date 15-Oct.,legitimate_demo,Customer Notification,[],LOW,10.6,Standard benign notification containing no social engineering or urgency markers.,programmatic_fictional_template_variation,True
SYNTH_TXT_LEGIT_0166,"Dear Valued Customer, INR 5999.00 has been debited from your A/c ending 7820 on 28-Oct. Ref: 71524.",legitimate_demo,Customer Notification,[],LOW,4.4,Standard benign notification containing no social engineering or urgency markers.,programmatic_fictional_template_variation,True
SYNTH_TXT_LEGIT_0222,Order #49251 has been delivered to your front desk. Thank you for shopping with us.,legitimate_demo,Customer Notification,[],LOW,12.3,Standard benign notification containing no social engineering or urgency markers.,programmatic_fictional_template_variation,True
SYNTH_TXT_SCAM_0456,"Earn INR 5,000 to 15,000 daily working part-time from home! Only 30 minutes daily reviewing travel videos. Join WhatsApp mentor: https://wa.example/59377",suspicious_demo,Task Job Scam,"['daily income', 'part time', 'review videos', 'WhatsApp mentor']",MEDIUM,69.8,Contains social engineering patterns matching Task Job Scam with artificial urgency.,programmatic_fictional_threat_pattern_generation,True
SYNTH_TXT_SCAM_0392,HDFC Alert: Your bank debit card is temporarily suspended. Submit OTP and unfreeze account immediately at https://hdfc-unfreeze-secure.example/94599,suspicious_demo,Card Suspension,"['card suspended', 'submit OTP', 'unfreeze']",HIGH,90.3,Contains social engineering patterns matching Card Suspension with artificial urgency.,programmatic_fictional_threat_pattern_generation,True
SYNTH_TXT_LEGIT_0209,UPI transaction of INR 5999.00 to Grocery Store was successful on 28-Oct. Ref: 81228.,legitimate_demo,Customer Notification,[],LOW,13.3,Standard benign notification containing no social engineering or urgency markers.,programmatic_fictional_template_variation,True
SYNTH_TXT_LEGIT_0080,Thank you for attending today's webinar on digital governance. Workshop slides have been emailed.,legitimate_demo,Customer Notification,[],LOW,6.0,Standard benign notification containing no social engineering or urgency markers.,programmatic_fictional_template_variation,True
SYNTH_TXT_LEGIT_0036,Your broadband connection has been renewed successfully. Next billing cycle commences on 22-Oct. Helpline: 1800-000-000.,legitimate_demo,Customer Notification,[],LOW,13.4,Standard benign notification containing no social engineering or urgency markers.,programmatic_fictional_template_variation,True
SYNTH_TXT_LEGIT_0212,Your vehicle routine service is scheduled for 18-Oct at Service Hub Center. Kindly bring your warranty book.,legitimate_demo,Customer Notification,[],LOW,8.4,Standard benign notification containing no social engineering or urgency markers.,programmatic_fictional_template_variation,True
SYNTH_TXT_SCAM_0385,"Fast Personal Loan Approved: INR 5,00,000 pre-approved with zero interest for 6 months. Pay 2% processing fee to disburse: https://instant-loan-hub.example/20308",suspicious_demo,Loan Processing Fraud,"['pre-approved loan', 'zero interest', 'pay processing fee']",MEDIUM,77.3,Contains social engineering patterns matching Loan Processing Fraud with artificial urgency.,programmatic_fictional_threat_pattern_generation,True
SYNTH_TXT_LEGIT_0123,Your grocery order #56105 is packed and scheduled for delivery between 4 PM and 6 PM today.,legitimate_demo,Customer Notification,[],LOW,13.1,Standard benign notification containing no social engineering or urgency markers.,programmatic_fictional_template_variation,True
SYNTH_TXT_LEGIT_0050,Your recurring auto-debit of INR 28000.00 for utility bill payment has been processed.,legitimate_demo,Customer Notification,[],LOW,2.8,Standard benign notification containing no social engineering or urgency markers.,programmatic_fictional_template_variation,True
SYNTH_TXT_LEGIT_0010,Your recurring auto-debit of INR 450.00 for utility bill payment has been processed.,legitimate_demo,Customer Notification,[],LOW,9.2,Standard benign notification containing no social engineering or urgency markers.,programmatic_fictional_template_variation,True
SYNTH_TXT_LEGIT_0112,Your vehicle routine service is scheduled for 05-Nov at Service Hub Center. Kindly bring your warranty book.,legitimate_demo,Customer Notification,[],LOW,10.7,Standard benign notification containing no social engineering or urgency markers.,programmatic_fictional_template_variation,True
SYNTH_TXT_LEGIT_0216,Your broadband connection has been renewed successfully. Next billing cycle commences on 02-Nov. Helpline: 1800-000-000.,legitimate_demo,Customer Notification,[],LOW,10.4,Standard benign notification containing no social engineering or urgency markers.,programmatic_fictional_template_variation,True
SYNTH_TXT_LEGIT_0097,"Support ticket #52753 has been resolved. If you require further assistance, reply directly to this thread.",legitimate_demo,Customer Notification,[],LOW,9.2,Standard benign notification containing no social engineering or urgency markers.,programmatic_fictional_template_variation,True
SYNTH_TXT_SCAM_0393,"ICICI Bank: Unrecognized login attempt from Russia. If this was not you, block card and share cancellation OTP: 40968",suspicious_demo,Fake Security Alert,"['unrecognized login', 'share OTP', 'block card']",HIGH,68.2,Contains social engineering patterns matching Fake Security Alert with artificial urgency.,programmatic_fictional_threat_pattern_generation,True
SYNTH_TXT_SCAM_0274,Urgent: Your bank electricity power will be disconnected at 9:30 PM due to unpaid bill. Call nodal power officer at +91 98888 84000 immediately.,suspicious_demo,Utility Disconnection,"['electricity disconnected', 'call officer', 'immediate payment']",MEDIUM,71.4,Contains social engineering patterns matching Utility Disconnection with artificial urgency.,programmatic_fictional_threat_pattern_generation,True
SYNTH_TXT_LEGIT_0237,"Support ticket #98835 has been resolved. If you require further assistance, reply directly to this thread.",legitimate_demo,Customer Notification,[],LOW,10.2,Standard benign notification containing no social engineering or urgency markers.,programmatic_fictional_template_variation,True
SYNTH_TXT_LEGIT_0146,"Dear Customer, INR 1250.00 has been debited from your A/c ending 5531 on 25-Oct. Ref: 67080. Helpline: 1800-000-000.",legitimate_demo,Customer Notification,[],LOW,10.0,Standard benign notification containing no social engineering or urgency markers.,programmatic_fictional_template_variation,True
SYNTH_TXT_SCAM_0353,Share Market Insider VIP Group: 100% accurate SEBI multi-bagger calls. Join private Telegram channel before link expires: https://t.example/90981 Do not ignore this statutory notice.,suspicious_demo,Stock Market Scam,"['100% accurate', 'insider VIP', 'multi-bagger', 'expires']",MEDIUM,66.5,Contains social engineering patterns matching Stock Market Scam with artificial urgency.,programmatic_fictional_threat_pattern_generation,True
SYNTH_TXT_LEGIT_0006,"Dear Customer, INR 85000.00 has been debited from your A/c ending 6729 on 18-Oct. Ref: 10851. Helpline: 1800-000-000.",legitimate_demo,Customer Notification,[],LOW,11.1,Standard benign notification containing no social engineering or urgency markers.,programmatic_fictional_template_variation,True
SYNTH_TXT_LEGIT_0100,Thank you for attending today's webinar on digital governance. Workshop slides have been emailed.,legitimate_demo,Customer Notification,[],LOW,7.6,Standard benign notification containing no social engineering or urgency markers.,programmatic_fictional_template_variation,True
SYNTH_TXT_LEGIT_0052,Your vehicle routine service is scheduled for 18-Oct at Service Hub Center. Kindly bring your warranty book.,legitimate_demo,Customer Notification,[],LOW,7.5,Standard benign notification containing no social engineering or urgency markers.,programmatic_fictional_template_variation,True
SYNTH_TXT_SCAM_0397,Exclusive Crypto Trading Opportunity: Guaranteed 300% return in 48 hours using automated arbitrage algorithm. Deposit minimum $100 to wallet: https://crypto-growth.example/92306,suspicious_demo,Crypto Fraud,"['guaranteed 300%', 'automated arbitrage', 'deposit wallet']",MEDIUM,80.3,Contains social engineering patterns matching Crypto Fraud with artificial urgency.,programmatic_fictional_threat_pattern_generation,True
SYNTH_TXT_SCAM_0402,URGENT: Delhi High Court has issued a non-bailable arrest warrant against your phone number. Report online in 30 minutes at https://ecourt-warrant.example/92210,suspicious_demo,Authority Impersonation,"['Court warrant', 'non-bailable', 'urgent arrest']",HIGH,74.8,Contains social engineering patterns matching Authority Impersonation with artificial urgency.,programmatic_fictional_threat_pattern_generation,True
SYNTH_TXT_SCAM_0421,"Dear SBI Customer, your YONO account will be blocked today due to pending PAN KYC. Update PAN card now at https://sbi-kyc-verify.example/67377",suspicious_demo,Banking KYC Scam,"['account blocked', 'pending KYC', 'update PAN', 'urgent']",MEDIUM,95.7,Contains social engineering patterns matching Banking KYC Scam with artificial urgency.,programmatic_fictional_threat_pattern_generation,True
SYNTH_TXT_SCAM_0499,FINAL WARNING: Urgent: Your bank electricity power will be disconnected at 9:30 PM due to unpaid bill. Call nodal power officer at +91 98888 41147 immediately.,suspicious_demo,Utility Disconnection,"['electricity disconnected', 'call officer', 'immediate payment']",MEDIUM,74.3,Contains social engineering patterns matching Utility Disconnection with artificial urgency.,programmatic_fictional_threat_pattern_generation,True
SYNTH_TXT_SCAM_0334,Urgent: Your bank electricity power will be disconnected at 9:30 PM due to unpaid bill. Call nodal power officer at +91 98888 46512 immediately.,suspicious_demo,Utility Disconnection,"['electricity disconnected', 'call officer', 'immediate payment']",MEDIUM,82.8,Contains social engineering patterns matching Utility Disconnection with artificial urgency.,programmatic_fictional_threat_pattern_generation,True
SYNTH_TXT_LEGIT_0056,Your broadband connection has been renewed successfully. Next billing cycle commences on 02-Nov. Helpline: 1800-000-000.,legitimate_demo,Customer Notification,[],LOW,2.0,Standard benign notification containing no social engineering or urgency markers.,programmatic_fictional_template_variation,True
SYNTH_TXT_SCAM_0271,"FINAL WARNING: Dear SBI Customer, your YONO account will be blocked today due to pending PAN KYC. Update PAN card now at https://sbi-kyc-verify.example/88269",suspicious_demo,Banking KYC Scam,"['account blocked', 'pending KYC', 'update PAN', 'urgent']",MEDIUM,95.1,Contains social engineering patterns matching Banking KYC Scam with artificial urgency.,programmatic_fictional_threat_pattern_generation,True
SYNTH_TXT_LEGIT_0002,Order #28289 has been delivered to your front desk. Thank you for shopping with us.,legitimate_demo,Customer Notification,[],LOW,9.7,Standard benign notification containing no social engineering or urgency markers.,programmatic_fictional_template_variation,True
SYNTH_TXT_SCAM_0473,Share Market Insider VIP Group: 100% accurate SEBI multi-bagger calls. Join private Telegram channel before link expires: https://t.example/16839 Do not ignore this statutory notice.,suspicious_demo,Stock Market Scam,"['100% accurate', 'insider VIP', 'multi-bagger', 'expires']",MEDIUM,84.9,Contains social engineering patterns matching Stock Market Scam with artificial urgency.,programmatic_fictional_threat_pattern_generation,True
SYNTH_TXT_SCAM_0277,Exclusive Crypto Trading Opportunity: Guaranteed 300% return in 48 hours using automated arbitrage algorithm. Deposit minimum $100 to wallet: https://crypto-growth.example/40539,suspicious_demo,Crypto Fraud,"['guaranteed 300%', 'automated arbitrage', 'deposit wallet']",MEDIUM,75.2,Contains social engineering patterns matching Crypto Fraud with artificial urgency.,programmatic_fictional_threat_pattern_generation,True
SYNTH_TXT_SCAM_0303,"FINAL WARNING: ICICI Bank: Unrecognized login attempt from Russia. If this was not you, block card and share cancellation OTP: 46046",suspicious_demo,Fake Security Alert,"['unrecognized login', 'share OTP', 'block card']",HIGH,84.4,Contains social engineering patterns matching Fake Security Alert with artificial urgency.,programmatic_fictional_threat_pattern_generation,True
SYNTH_TXT_SCAM_0384,"Congratulations! Your mobile number won 1st prize of INR 25,00,000 in KBC Lucky Draw 2026. Contact lottery manager Rana at +91 97777 87184",suspicious_demo,Lottery Fraud,"['KBC lucky draw', 'won 25 lakhs', 'lottery manager']",MEDIUM,77.4,Contains social engineering patterns matching Lottery Fraud with artificial urgency.,programmatic_fictional_threat_pattern_generation,True
SYNTH_TXT_LEGIT_0136,Your broadband connection has been renewed successfully. Next billing cycle commences on 22-Oct.,legitimate_demo,Customer Notification,[],LOW,8.0,Standard benign notification containing no social engineering or urgency markers.,programmatic_fictional_template_variation,True
SYNTH_TXT_LEGIT_0139,Your feedback matters: How was your service experience at Branch #24168? Rate us from 1 to 5.,legitimate_demo,Customer Notification,[],LOW,9.5,Standard benign notification containing no social engineering or urgency markers.,programmatic_fictional_template_variation,True
SYNTH_TXT_LEGIT_0173,Your flight AI-66207 from Delhi to Bengaluru departs on 12-Oct at 14:20. Web check-in opens 48 hours prior.,legitimate_demo,Customer Notification,[],LOW,9.9,Standard benign notification containing no social engineering or urgency markers.,programmatic_fictional_template_variation,True
SYNTH_TXT_LEGIT_0138,"Password for your corporate portal was updated successfully on 18-Oct. If not done by you, contact IT support.",legitimate_demo,Customer Notification,[],LOW,14.5,Standard benign notification containing no social engineering or urgency markers.,programmatic_fictional_template_variation,True
SYNTH_TXT_LEGIT_0153,Your flight AI-88139 from Delhi to Bengaluru departs on 12-Oct at 14:20. Web check-in opens 48 hours prior.,legitimate_demo,Customer Notification,[],LOW,8.7,Standard benign notification containing no social engineering or urgency markers.,programmatic_fictional_template_variation,True
SYNTH_TXT_LEGIT_0172,Your vehicle routine service is scheduled for 25-Oct at Service Hub Center. Kindly bring your warranty book.,legitimate_demo,Customer Notification,[],LOW,13.2,Standard benign notification containing no social engineering or urgency markers.,programmatic_fictional_template_variation,True
SYNTH_TXT_LEGIT_0007,Salary credit of INR 3400.00 has been deposited into your account ending 3891. Available balance updated.,legitimate_demo,Customer Notification,[],LOW,14.4,Standard benign notification containing no social engineering or urgency markers.,programmatic_fictional_template_variation,True
SYNTH_TXT_LEGIT_0046,"Dear Valued Customer, INR 28000.00 has been debited from your A/c ending 7820 on 22-Oct. Ref: 46500.",legitimate_demo,Customer Notification,[],LOW,9.0,Standard benign notification containing no social engineering or urgency markers.,programmatic_fictional_template_variation,True
SYNTH_TXT_SCAM_0347,FINAL WARNING: HDFC Alert: Your bank debit card is temporarily suspended. Submit OTP and unfreeze account immediately at https://hdfc-unfreeze-secure.example/38197,suspicious_demo,Card Suspension,"['card suspended', 'submit OTP', 'unfreeze']",HIGH,76.7,Contains social engineering patterns matching Card Suspension with artificial urgency.,programmatic_fictional_threat_pattern_generation,True
SYNTH_TXT_LEGIT_0206,"Dear Customer, INR 3400.00 has been debited from your A/c ending 6729 on 12-Oct. Ref: 76550. Helpline: 1800-000-000.",legitimate_demo,Customer Notification,[],LOW,5.7,Standard benign notification containing no social engineering or urgency markers.,programmatic_fictional_template_variation,True
SYNTH_TXT_LEGIT_0031,Reminder: Your scheduled dental consultation with Dr. Mehta is on 25-Oct at 11:30 AM. Call clinic to reschedule.,legitimate_demo,Customer Notification,[],LOW,14.6,Standard benign notification containing no social engineering or urgency markers.,programmatic_fictional_template_variation,True
SYNTH_TXT_SCAM_0325,"Fast Personal Loan Approved: INR 5,00,000 pre-approved with zero interest for 6 months. Pay 2% processing fee to disburse: https://instant-loan-hub.example/56346",suspicious_demo,Loan Processing Fraud,"['pre-approved loan', 'zero interest', 'pay processing fee']",MEDIUM,92.1,Contains social engineering patterns matching Loan Processing Fraud with artificial urgency.,programmatic_fictional_threat_pattern_generation,True
SYNTH_TXT_SCAM_0481,"Dear SBI Customer, your YONO account will be blocked today due to pending PAN KYC. Update PAN card now at https://sbi-kyc-verify.example/39102",suspicious_demo,Banking KYC Scam,"['account blocked', 'pending KYC', 'update PAN', 'urgent']",MEDIUM,90.3,Contains social engineering patterns matching Banking KYC Scam with artificial urgency.,programmatic_fictional_threat_pattern_generation,True
SYNTH_TXT_SCAM_0424,Urgent: Your bank electricity power will be disconnected at 9:30 PM due to unpaid bill. Call nodal power officer at +91 98888 47079 immediately.,suspicious_demo,Utility Disconnection,"['electricity disconnected', 'call officer', 'immediate payment']",MEDIUM,77.0,Contains social engineering patterns matching Utility Disconnection with artificial urgency.,programmatic_fictional_threat_pattern_generation,True
SYNTH_TXT_SCAM_0331,"FINAL WARNING: Dear SBI Customer, your YONO account will be blocked today due to pending PAN KYC. Update PAN card now at https://sbi-kyc-verify.example/73201",suspicious_demo,Banking KYC Scam,"['account blocked', 'pending KYC', 'update PAN', 'urgent']",MEDIUM,72.0,Contains social engineering patterns matching Banking KYC Scam with artificial urgency.,programmatic_fictional_threat_pattern_generation,True
SYNTH_TXT_LEGIT_0193,Your flight AI-82102 from Delhi to Bengaluru departs on 15-Oct at 14:20. Web check-in opens 48 hours prior.,legitimate_demo,Customer Notification,[],LOW,6.1,Standard benign notification containing no social engineering or urgency markers.,programmatic_fictional_template_variation,True
SYNTH_TXT_LEGIT_0003,Your grocery order #14165 is packed and scheduled for delivery between 4 PM and 6 PM today.,legitimate_demo,Customer Notification,[],LOW,5.0,Standard benign notification containing no social engineering or urgency markers.,programmatic_fictional_template_variation,True
SYNTH_TXT_SCAM_0401,Digital Arrest Notice: CBI Cyber Cell has flagged your Aadhaar in money laundering. Connect via Skype immediately to avoid arrest: https://cbi-investigation.example/91857 Do not ignore this statutory notice.,suspicious_demo,Authority Impersonation,"['CBI', 'Digital Arrest', 'warrant', 'immediate arrest']",HIGH,75.0,Contains social engineering patterns matching Authority Impersonation with artificial urgency.,programmatic_fictional_threat_pattern_generation,True
SYNTH_TXT_SCAM_0422,HDFC Alert: Your bank debit card is temporarily suspended. Submit OTP and unfreeze account immediately at https://hdfc-unfreeze-secure.example/78690,suspicious_demo,Card Suspension,"['card suspended', 'submit OTP', 'unfreeze']",HIGH,81.2,Contains social engineering patterns matching Card Suspension with artificial urgency.,programmatic_fictional_threat_pattern_generation,True
SYNTH_TXT_SCAM_0285,Income Tax Notice: Discrepancy detected in FY24 assessment. Avoid asset freeze and criminal penalty by verifying ITR immediately: https://incometax-filing-alert.example/41186,suspicious_demo,Tax Authority Scam,"['asset freeze', 'criminal penalty', 'immediate action']",MEDIUM,83.3,Contains social engineering patterns matching Tax Authority Scam with artificial urgency.,programmatic_fictional_threat_pattern_generation,True
SYNTH_TXT_SCAM_0387,FINAL WARNING: URGENT: Delhi High Court has issued a non-bailable arrest warrant against your phone number. Report online in 30 minutes at https://ecourt-warrant.example/39041,suspicious_demo,Authority Impersonation,"['Court warrant', 'non-bailable', 'urgent arrest']",HIGH,75.3,Contains social engineering patterns matching Authority Impersonation with artificial urgency.,programmatic_fictional_threat_pattern_generation,True
SYNTH_TXT_LEGIT_0227,Salary credit of INR 3400.00 has been deposited into your account ending 7820. Available balance updated.,legitimate_demo,Customer Notification,[],LOW,10.7,Standard benign notification containing no social engineering or urgency markers.,programmatic_fictional_template_variation,True
SYNTH_TXT_SCAM_0462,URGENT: Delhi High Court has issued a non-bailable arrest warrant against your phone number. Report online in 30 minutes at https://ecourt-warrant.example/68222,suspicious_demo,Authority Impersonation,"['Court warrant', 'non-bailable', 'urgent arrest']",HIGH,83.9,Contains social engineering patterns matching Authority Impersonation with artificial urgency.,programmatic_fictional_threat_pattern_generation,True
SYNTH_TXT_LEGIT_0049,UPI transaction of INR 5999.00 to Grocery Store was successful on 05-Nov. Ref: 56438.,legitimate_demo,Customer Notification,[],LOW,13.2,Standard benign notification containing no social engineering or urgency markers.,programmatic_fictional_template_variation,True
SYNTH_TXT_LEGIT_0201,Your package with tracking number TRK-24871 from Courier Express is out for delivery with driver Rahul. Helpline: 1800-000-000.,legitimate_demo,Customer Notification,[],LOW,8.5,Standard benign notification containing no social engineering or urgency markers.,programmatic_fictional_template_variation,True
SYNTH_TXT_LEGIT_0084,Shipment update: Package #33206 has cleared the regional hub and is moving on schedule.,legitimate_demo,Customer Notification,[],LOW,11.6,Standard benign notification containing no social engineering or urgency markers.,programmatic_fictional_template_variation,True
SYNTH_TXT_LEGIT_0202,Order #48254 has been delivered to your front desk. Thank you for shopping with us.,legitimate_demo,Customer Notification,[],LOW,7.4,Standard benign notification containing no social engineering or urgency markers.,programmatic_fictional_template_variation,True
SYNTH_TXT_LEGIT_0242,Order #45720 has been delivered to your front desk. Thank you for shopping with us.,legitimate_demo,Customer Notification,[],LOW,13.9,Standard benign notification containing no social engineering or urgency markers.,programmatic_fictional_template_variation,True
SYNTH_TXT_LEGIT_0108,Your monthly credit card e-statement for card ending 3891 is ready. Total due INR 12450. Due date 02-Nov.,legitimate_demo,Customer Notification,[],LOW,8.4,Standard benign notification containing no social engineering or urgency markers.,programmatic_fictional_template_variation,True
SYNTH_TXT_LEGIT_0099,Your feedback matters: How was your service experience at Branch #32810? Rate us from 1 to 5.,legitimate_demo,Customer Notification,[],LOW,7.3,Standard benign notification containing no social engineering or urgency markers.,programmatic_fictional_template_variation,True
SYNTH_TXT_LEGIT_0179,Your feedback matters: How was your service experience at Branch #40595? Rate us from 1 to 5.,legitimate_demo,Customer Notification,[],LOW,7.5,Standard benign notification containing no social engineering or urgency markers.,programmatic_fictional_template_variation,True
SYNTH_TXT_LEGIT_0013,Your flight AI-20458 from Delhi to Bengaluru departs on 15-Oct at 14:20. Web check-in opens 48 hours prior.,legitimate_demo,Customer Notification,[],LOW,6.9,Standard benign notification containing no social engineering or urgency markers.,programmatic_fictional_template_variation,True
SYNTH_TXT_SCAM_0394,Urgent: Your bank electricity power will be disconnected at 9:30 PM due to unpaid bill. Call nodal power officer at +91 98888 43550 immediately.,suspicious_demo,Utility Disconnection,"['electricity disconnected', 'call officer', 'immediate payment']",MEDIUM,71.1,Contains social engineering patterns matching Utility Disconnection with artificial urgency.,programmatic_fictional_threat_pattern_generation,True
SYNTH_TXT_SCAM_0350,"Bank Alert: Your reward points worth INR 9,850 are expiring tonight. Redeem cash directly to bank account at https://bank-reward-redeem.example/52517",suspicious_demo,Points Expiry Scam,"['reward points expiring', 'redeem cash', 'tonight only']",MEDIUM,89.1,Contains social engineering patterns matching Points Expiry Scam with artificial urgency.,programmatic_fictional_threat_pattern_generation,True
SYNTH_TXT_SCAM_0390,Income Tax Notice: Discrepancy detected in FY24 assessment. Avoid asset freeze and criminal penalty by verifying ITR immediately: https://incometax-filing-alert.example/76840,suspicious_demo,Tax Authority Scam,"['asset freeze', 'criminal penalty', 'immediate action']",MEDIUM,71.0,Contains social engineering patterns matching Tax Authority Scam with artificial urgency.,programmatic_fictional_threat_pattern_generation,True
SYNTH_TXT_SCAM_0379,FINAL WARNING: Urgent: Your bank electricity power will be disconnected at 9:30 PM due to unpaid bill. Call nodal power officer at +91 98888 25096 immediately.,suspicious_demo,Utility Disconnection,"['electricity disconnected', 'call officer', 'immediate payment']",MEDIUM,77.6,Contains social engineering patterns matching Utility Disconnection with artificial urgency.,programmatic_fictional_threat_pattern_generation,True
SYNTH_TXT_SCAM_0436,"Dear SBI Customer, your YONO account will be blocked today due to pending PAN KYC. Update PAN card now at https://sbi-kyc-verify.example/95990",suspicious_demo,Banking KYC Scam,"['account blocked', 'pending KYC', 'update PAN', 'urgent']",MEDIUM,86.7,Contains social engineering patterns matching Banking KYC Scam with artificial urgency.,programmatic_fictional_threat_pattern_generation,True
SYNTH_TXT_SCAM_0425,"Bank Alert: Your reward points worth INR 9,850 are expiring tonight. Redeem cash directly to bank account at https://bank-reward-redeem.example/54350 Do not ignore this statutory notice.",suspicious_demo,Points Expiry Scam,"['reward points expiring', 'redeem cash', 'tonight only']",MEDIUM,86.0,Contains social engineering patterns matching Points Expiry Scam with artificial urgency.,programmatic_fictional_threat_pattern_generation,True
SYNTH_TXT_SCAM_0254,National Cyber Crime Bureau: Your device IP was traced in criminal operations. Call Investigating Inspector Verma immediately at +91 99999 40775 or face police raid.,suspicious_demo,Police Impersonation,"['police raid', 'cyber crime bureau', 'criminal operation']",MEDIUM,92.5,Contains social engineering patterns matching Police Impersonation with artificial urgency.,programmatic_fictional_threat_pattern_generation,True
SYNTH_TXT_LEGIT_0062,Order #18981 has been delivered to your front desk. Thank you for shopping with us.,legitimate_demo,Customer Notification,[],LOW,7.2,Standard benign notification containing no social engineering or urgency markers.,programmatic_fictional_template_variation,True
SYNTH_TXT_LEGIT_0247,Salary credit of INR 28000.00 has been deposited into your account ending 5531. Available balance updated.,legitimate_demo,Customer Notification,[],LOW,9.6,Standard benign notification containing no social engineering or urgency markers.,programmatic_fictional_template_variation,True
SYNTH_TXT_LEGIT_0028,Your monthly credit card e-statement for card ending 4412 is ready. Total due INR 12450. Due date 12-Oct.,legitimate_demo,Customer Notification,[],LOW,10.8,Standard benign notification containing no social engineering or urgency markers.,programmatic_fictional_template_variation,True
SYNTH_TXT_LEGIT_0144,Shipment update: Package #54725 has cleared the regional hub and is moving on schedule.,legitimate_demo,Customer Notification,[],LOW,12.7,Standard benign notification containing no social engineering or urgency markers.,programmatic_fictional_template_variation,True
SYNTH_TXT_LEGIT_0132,Your vehicle routine service is scheduled for 15-Oct at Service Hub Center. Kindly bring your warranty book.,legitimate_demo,Customer Notification,[],LOW,8.1,Standard benign notification containing no social engineering or urgency markers.,programmatic_fictional_template_variation,True
SYNTH_TXT_LEGIT_0095,Hotel booking confirmed at Grand Residency for check-in on 28-Oct. Reservation ID: 19171.,legitimate_demo,Customer Notification,[],LOW,10.6,Standard benign notification containing no social engineering or urgency markers.,programmatic_fictional_template_variation,True
SYNTH_TXT_SCAM_0458,Share Market Insider VIP Group: 100% accurate SEBI multi-bagger calls. Join private Telegram channel before link expires: https://t.example/91885,suspicious_demo,Stock Market Scam,"['100% accurate', 'insider VIP', 'multi-bagger', 'expires']",MEDIUM,90.1,Contains social engineering patterns matching Stock Market Scam with artificial urgency.,programmatic_fictional_threat_pattern_generation,True
SYNTH_TXT_SCAM_0490,"Fast Personal Loan Approved: INR 5,00,000 pre-approved with zero interest for 6 months. Pay 2% processing fee to disburse: https://instant-loan-hub.example/47601",suspicious_demo,Loan Processing Fraud,"['pre-approved loan', 'zero interest', 'pay processing fee']",MEDIUM,93.4,Contains social engineering patterns matching Loan Processing Fraud with artificial urgency.,programmatic_fictional_threat_pattern_generation,True
SYNTH_TXT_LEGIT_0249,UPI transaction of INR 12450.00 to Grocery Store was successful on 22-Oct. Ref: 91205.,legitimate_demo,Customer Notification,[],LOW,10.4,Standard benign notification containing no social engineering or urgency markers.,programmatic_fictional_template_variation,True
SYNTH_TXT_SCAM_0362,HDFC Alert: Your bank debit card is temporarily suspended. Submit OTP and unfreeze account immediately at https://hdfc-unfreeze-secure.example/50425,suspicious_demo,Card Suspension,"['card suspended', 'submit OTP', 'unfreeze']",HIGH,66.4,Contains social engineering patterns matching Card Suspension with artificial urgency.,programmatic_fictional_threat_pattern_generation,True
SYNTH_TXT_SCAM_0281,Digital Arrest Notice: CBI Cyber Cell has flagged your Aadhaar in money laundering. Connect via Skype immediately to avoid arrest: https://cbi-investigation.example/80807 Do not ignore this statutory notice.,suspicious_demo,Authority Impersonation,"['CBI', 'Digital Arrest', 'warrant', 'immediate arrest']",HIGH,72.8,Contains social engineering patterns matching Authority Impersonation with artificial urgency.,programmatic_fictional_threat_pattern_generation,True
SYNTH_TXT_LEGIT_0037,"Support ticket #20322 has been resolved. If you require further assistance, reply directly to this thread.",legitimate_demo,Customer Notification,[],LOW,12.6,Standard benign notification containing no social engineering or urgency markers.,programmatic_fictional_template_variation,True
SYNTH_TXT_LEGIT_0156,Your broadband connection has been renewed successfully. Next billing cycle commences on 22-Oct. Helpline: 1800-000-000.,legitimate_demo,Customer Notification,[],LOW,7.3,Standard benign notification containing no social engineering or urgency markers.,programmatic_fictional_template_variation,True
SYNTH_TXT_LEGIT_0088,Your monthly credit card e-statement for card ending 1042 is ready. Total due INR 1250. Due date 22-Oct.,legitimate_demo,Customer Notification,[],LOW,7.2,Standard benign notification containing no social engineering or urgency markers.,programmatic_fictional_template_variation,True
SYNTH_TXT_SCAM_0365,"Bank Alert: Your reward points worth INR 9,850 are expiring tonight. Redeem cash directly to bank account at https://bank-reward-redeem.example/49507 Do not ignore this statutory notice.",suspicious_demo,Points Expiry Scam,"['reward points expiring', 'redeem cash', 'tonight only']",MEDIUM,94.3,Contains social engineering patterns matching Points Expiry Scam with artificial urgency.,programmatic_fictional_threat_pattern_generation,True
SYNTH_TXT_LEGIT_0119,Your feedback matters: How was your service experience at Branch #40311? Rate us from 1 to 5.,legitimate_demo,Customer Notification,[],LOW,11.2,Standard benign notification containing no social engineering or urgency markers.,programmatic_fictional_template_variation,True
SYNTH_TXT_LEGIT_0176,Your broadband connection has been renewed successfully. Next billing cycle commences on 05-Nov. Helpline: 1800-000-000.,legitimate_demo,Customer Notification,[],LOW,11.0,Standard benign notification containing no social engineering or urgency markers.,programmatic_fictional_template_variation,True
SYNTH_TXT_SCAM_0493,Customs Seizure Alert: A FedEx courier containing illegal narcotics and fake passports under your name was seized. Pay verification deposit at https://customs-nodal.example/71487,suspicious_demo,Customs Seizure,"['customs seized', 'narcotics', 'verification deposit']",MEDIUM,78.9,Contains social engineering patterns matching Customs Seizure with artificial urgency.,programmatic_fictional_threat_pattern_generation,True
SYNTH_TXT_LEGIT_0113,Your flight AI-83259 from Delhi to Bengaluru departs on 05-Nov at 14:20. Web check-in opens 48 hours prior.,legitimate_demo,Customer Notification,[],LOW,10.0,Standard benign notification containing no social engineering or urgency markers.,programmatic_fictional_template_variation,True
SYNTH_TXT_SCAM_0364,Urgent: Your bank electricity power will be disconnected at 9:30 PM due to unpaid bill. Call nodal power officer at +91 98888 17180 immediately.,suspicious_demo,Utility Disconnection,"['electricity disconnected', 'call officer', 'immediate payment']",MEDIUM,65.2,Contains social engineering patterns matching Utility Disconnection with artificial urgency.,programmatic_fictional_threat_pattern_generation,True
SYNTH_TXT_SCAM_0338,Share Market Insider VIP Group: 100% accurate SEBI multi-bagger calls. Join private Telegram channel before link expires: https://t.example/89822,suspicious_demo,Stock Market Scam,"['100% accurate', 'insider VIP', 'multi-bagger', 'expires']",MEDIUM,93.8,Contains social engineering patterns matching Stock Market Scam with artificial urgency.,programmatic_fictional_threat_pattern_generation,True
SYNTH_TXT_SCAM_0400,"Fast Personal Loan Approved: INR 5,00,000 pre-approved with zero interest for 6 months. Pay 2% processing fee to disburse: https://instant-loan-hub.example/83989",suspicious_demo,Loan Processing Fraud,"['pre-approved loan', 'zero interest', 'pay processing fee']",MEDIUM,84.9,Contains social engineering patterns matching Loan Processing Fraud with artificial urgency.,programmatic_fictional_threat_pattern_generation,True
SYNTH_TXT_LEGIT_0117,"Support ticket #45992 has been resolved. If you require further assistance, reply directly to this thread.",legitimate_demo,Customer Notification,[],LOW,5.0,Standard benign notification containing no social engineering or urgency markers.,programmatic_fictional_template_variation,True
SYNTH_TXT_LEGIT_0077,"Support ticket #93507 has been resolved. If you require further assistance, reply directly to this thread.",legitimate_demo,Customer Notification,[],LOW,9.2,Standard benign notification containing no social engineering or urgency markers.,programmatic_fictional_template_variation,True
SYNTH_TXT_SCAM_0412,Exclusive Crypto Trading Opportunity: Guaranteed 300% return in 48 hours using automated arbitrage algorithm. Deposit minimum $100 to wallet: https://crypto-growth.example/86064,suspicious_demo,Crypto Fraud,"['guaranteed 300%', 'automated arbitrage', 'deposit wallet']",MEDIUM,82.2,Contains social engineering patterns matching Crypto Fraud with artificial urgency.,programmatic_fictional_threat_pattern_generation,True
SYNTH_TXT_SCAM_0276,"Earn INR 5,000 to 15,000 daily working part-time from home! Only 30 minutes daily reviewing travel videos. Join WhatsApp mentor: https://wa.example/38305",suspicious_demo,Task Job Scam,"['daily income', 'part time', 'review videos', 'WhatsApp mentor']",MEDIUM,90.2,Contains social engineering patterns matching Task Job Scam with artificial urgency.,programmatic_fictional_threat_pattern_generation,True
SYNTH_TXT_SCAM_0446,Digital Arrest Notice: CBI Cyber Cell has flagged your Aadhaar in money laundering. Connect via Skype immediately to avoid arrest: https://cbi-investigation.example/33627,suspicious_demo,Authority Impersonation,"['CBI', 'Digital Arrest', 'warrant', 'immediate arrest']",HIGH,94.5,Contains social engineering patterns matching Authority Impersonation with artificial urgency.,programmatic_fictional_threat_pattern_generation,True
SYNTH_TXT_SCAM_0415,"FINAL WARNING: Fast Personal Loan Approved: INR 5,00,000 pre-approved with zero interest for 6 months. Pay 2% processing fee to disburse: https://instant-loan-hub.example/52143",suspicious_demo,Loan Processing Fraud,"['pre-approved loan', 'zero interest', 'pay processing fee']",MEDIUM,83.8,Contains social engineering patterns matching Loan Processing Fraud with artificial urgency.,programmatic_fictional_threat_pattern_generation,True
SYNTH_TXT_SCAM_0454,Urgent: Your bank electricity power will be disconnected at 9:30 PM due to unpaid bill. Call nodal power officer at +91 98888 54140 immediately.,suspicious_demo,Utility Disconnection,"['electricity disconnected', 'call officer', 'immediate payment']",MEDIUM,92.2,Contains social engineering patterns matching Utility Disconnection with artificial urgency.,programmatic_fictional_threat_pattern_generation,True
SYNTH_TXT_LEGIT_0075,Hotel booking confirmed at Grand Residency for check-in on 15-Oct. Reservation ID: 42914.,legitimate_demo,Customer Notification,[],LOW,10.2,Standard benign notification containing no social engineering or urgency markers.,programmatic_fictional_template_variation,True
SYNTH_TXT_SCAM_0391,"FINAL WARNING: Dear SBI Customer, your YONO account will be blocked today due to pending PAN KYC. Update PAN card now at https://sbi-kyc-verify.example/55793",suspicious_demo,Banking KYC Scam,"['account blocked', 'pending KYC', 'update PAN', 'urgent']",MEDIUM,75.9,Contains social engineering patterns matching Banking KYC Scam with artificial urgency.,programmatic_fictional_threat_pattern_generation,True
SYNTH_TXT_SCAM_0475,"FINAL WARNING: Fast Personal Loan Approved: INR 5,00,000 pre-approved with zero interest for 6 months. Pay 2% processing fee to disburse: https://instant-loan-hub.example/23446",suspicious_demo,Loan Processing Fraud,"['pre-approved loan', 'zero interest', 'pay processing fee']",MEDIUM,87.1,Contains social engineering patterns matching Loan Processing Fraud with artificial urgency.,programmatic_fictional_threat_pattern_generation,True
SYNTH_TXT_SCAM_0311,FINAL WARNING: Digital Arrest Notice: CBI Cyber Cell has flagged your Aadhaar in money laundering. Connect via Skype immediately to avoid arrest: https://cbi-investigation.example/82264,suspicious_demo,Authority Impersonation,"['CBI', 'Digital Arrest', 'warrant', 'immediate arrest']",HIGH,87.3,Contains social engineering patterns matching Authority Impersonation with artificial urgency.,programmatic_fictional_threat_pattern_generation,True
SYNTH_TXT_LEGIT_0195,Hotel booking confirmed at Grand Residency for check-in on 05-Nov. Reservation ID: 10150.,legitimate_demo,Customer Notification,[],LOW,7.4,Standard benign notification containing no social engineering or urgency markers.,programmatic_fictional_template_variation,True
SYNTH_TXT_LEGIT_0245,Your requested invoice for purchase #98395 is available for download in your customer account.,legitimate_demo,Customer Notification,[],LOW,3.2,Standard benign notification containing no social engineering or urgency markers.,programmatic_fictional_template_variation,True
SYNTH_TXT_SCAM_0405,Income Tax Notice: Discrepancy detected in FY24 assessment. Avoid asset freeze and criminal penalty by verifying ITR immediately: https://incometax-filing-alert.example/46002,suspicious_demo,Tax Authority Scam,"['asset freeze', 'criminal penalty', 'immediate action']",MEDIUM,83.3,Contains social engineering patterns matching Tax Authority Scam with artificial urgency.,programmatic_fictional_threat_pattern_generation,True
SYNTH_TXT_LEGIT_0107,Salary credit of INR 85000.00 has been deposited into your account ending 6729. Available balance updated.,legitimate_demo,Customer Notification,[],LOW,7.9,Standard benign notification containing no social engineering or urgency markers.,programmatic_fictional_template_variation,True
SYNTH_TXT_SCAM_0440,"Bank Alert: Your reward points worth INR 9,850 are expiring tonight. Redeem cash directly to bank account at https://bank-reward-redeem.example/53054",suspicious_demo,Points Expiry Scam,"['reward points expiring', 'redeem cash', 'tonight only']",MEDIUM,90.2,Contains social engineering patterns matching Points Expiry Scam with artificial urgency.,programmatic_fictional_threat_pattern_generation,True
SYNTH_TXT_SCAM_0442,Exclusive Crypto Trading Opportunity: Guaranteed 300% return in 48 hours using automated arbitrage algorithm. Deposit minimum $100 to wallet: https://crypto-growth.example/99838,suspicious_demo,Crypto Fraud,"['guaranteed 300%', 'automated arbitrage', 'deposit wallet']",MEDIUM,93.3,Contains social engineering patterns matching Crypto Fraud with artificial urgency.,programmatic_fictional_threat_pattern_generation,True
SYNTH_TXT_LEGIT_0167,Salary credit of INR 3400.00 has been deposited into your account ending 6729. Available balance updated.,legitimate_demo,Customer Notification,[],LOW,3.5,Standard benign notification containing no social engineering or urgency markers.,programmatic_fictional_template_variation,True
SYNTH_TXT_LEGIT_0068,Your monthly credit card e-statement for card ending 4412 is ready. Total due INR 12450. Due date 18-Oct.,legitimate_demo,Customer Notification,[],LOW,14.1,Standard benign notification containing no social engineering or urgency markers.,programmatic_fictional_template_variation,True
SYNTH_TXT_LEGIT_0148,Your monthly credit card e-statement for card ending 4412 is ready. Total due INR 3400. Due date 22-Oct.,legitimate_demo,Customer Notification,[],LOW,12.8,Standard benign notification containing no social engineering or urgency markers.,programmatic_fictional_template_variation,True
SYNTH_TXT_SCAM_0342,URGENT: Delhi High Court has issued a non-bailable arrest warrant against your phone number. Report online in 30 minutes at https://ecourt-warrant.example/56009,suspicious_demo,Authority Impersonation,"['Court warrant', 'non-bailable', 'urgent arrest']",HIGH,65.2,Contains social engineering patterns matching Authority Impersonation with artificial urgency.,programmatic_fictional_threat_pattern_generation,True
SYNTH_TXT_LEGIT_0012,Your vehicle routine service is scheduled for 22-Oct at Service Hub Center. Kindly bring your warranty book.,legitimate_demo,Customer Notification,[],LOW,12.0,Standard benign notification containing no social engineering or urgency markers.,programmatic_fictional_template_variation,True
SYNTH_TXT_SCAM_0371,FINAL WARNING: Digital Arrest Notice: CBI Cyber Cell has flagged your Aadhaar in money laundering. Connect via Skype immediately to avoid arrest: https://cbi-investigation.example/40161,suspicious_demo,Authority Impersonation,"['CBI', 'Digital Arrest', 'warrant', 'immediate arrest']",HIGH,80.5,Contains social engineering patterns matching Authority Impersonation with artificial urgency.,programmatic_fictional_threat_pattern_generation,True
SYNTH_TXT_LEGIT_0008,Your monthly credit card e-statement for card ending 1042 is ready. Total due INR 450. Due date 02-Nov.,legitimate_demo,Customer Notification,[],LOW,3.3,Standard benign notification containing no social engineering or urgency markers.,programmatic_fictional_template_variation,True
SYNTH_TXT_SCAM_0461,Digital Arrest Notice: CBI Cyber Cell has flagged your Aadhaar in money laundering. Connect via Skype immediately to avoid arrest: https://cbi-investigation.example/98652 Do not ignore this statutory notice.,suspicious_demo,Authority Impersonation,"['CBI', 'Digital Arrest', 'warrant', 'immediate arrest']",HIGH,87.3,Contains social engineering patterns matching Authority Impersonation with artificial urgency.,programmatic_fictional_threat_pattern_generation,True
SYNTH_TXT_LEGIT_0145,Your requested invoice for purchase #23833 is available for download in your customer account.,legitimate_demo,Customer Notification,[],LOW,11.2,Standard benign notification containing no social engineering or urgency markers.,programmatic_fictional_template_variation,True
SYNTH_TXT_LEGIT_0087,Salary credit of INR 1250.00 has been deposited into your account ending 6729. Available balance updated.,legitimate_demo,Customer Notification,[],LOW,6.5,Standard benign notification containing no social engineering or urgency markers.,programmatic_fictional_template_variation,True
SYNTH_TXT_LEGIT_0155,Hotel booking confirmed at Grand Residency for check-in on 05-Nov. Reservation ID: 41499.,legitimate_demo,Customer Notification,[],LOW,7.8,Standard benign notification containing no social engineering or urgency markers.,programmatic_fictional_template_variation,True
SYNTH_TXT_SCAM_0467,FINAL WARNING: HDFC Alert: Your bank debit card is temporarily suspended. Submit OTP and unfreeze account immediately at https://hdfc-unfreeze-secure.example/84766,suspicious_demo,Card Suspension,"['card suspended', 'submit OTP', 'unfreeze']",HIGH,95.5,Contains social engineering patterns matching Card Suspension with artificial urgency.,programmatic_fictional_threat_pattern_generation,True
SYNTH_TXT_LEGIT_0160,Thank you for attending today's webinar on digital governance. Workshop slides have been emailed.,legitimate_demo,Customer Notification,[],LOW,4.5,Standard benign notification containing no social engineering or urgency markers.,programmatic_fictional_template_variation,True
SYNTH_TXT_LEGIT_0169,UPI transaction of INR 450.00 to Grocery Store was successful on 18-Oct. Ref: 99974.,legitimate_demo,Customer Notification,[],LOW,12.5,Standard benign notification containing no social engineering or urgency markers.,programmatic_fictional_template_variation,True
SYNTH_TXT_LEGIT_0207,Salary credit of INR 85000.00 has been deposited into your account ending 9014. Available balance updated.,legitimate_demo,Customer Notification,[],LOW,13.2,Standard benign notification containing no social engineering or urgency markers.,programmatic_fictional_template_variation,True
SYNTH_TXT_SCAM_0292,Exclusive Crypto Trading Opportunity: Guaranteed 300% return in 48 hours using automated arbitrage algorithm. Deposit minimum $100 to wallet: https://crypto-growth.example/39038,suspicious_demo,Crypto Fraud,"['guaranteed 300%', 'automated arbitrage', 'deposit wallet']",MEDIUM,94.3,Contains social engineering patterns matching Crypto Fraud with artificial urgency.,programmatic_fictional_threat_pattern_generation,True
SYNTH_TXT_SCAM_0283,FINAL WARNING: Customs Seizure Alert: A FedEx courier containing illegal narcotics and fake passports under your name was seized. Pay verification deposit at https://customs-nodal.example/13379,suspicious_demo,Customs Seizure,"['customs seized', 'narcotics', 'verification deposit']",MEDIUM,69.1,Contains social engineering patterns matching Customs Seizure with artificial urgency.,programmatic_fictional_threat_pattern_generation,True
SYNTH_TXT_SCAM_0361,"Dear SBI Customer, your YONO account will be blocked today due to pending PAN KYC. Update PAN card now at https://sbi-kyc-verify.example/73783",suspicious_demo,Banking KYC Scam,"['account blocked', 'pending KYC', 'update PAN', 'urgent']",MEDIUM,81.3,Contains social engineering patterns matching Banking KYC Scam with artificial urgency.,programmatic_fictional_threat_pattern_generation,True
SYNTH_TXT_SCAM_0471,"FINAL WARNING: Earn INR 5,000 to 15,000 daily working part-time from home! Only 30 minutes daily reviewing travel videos. Join WhatsApp mentor: https://wa.example/36174",suspicious_demo,Task Job Scam,"['daily income', 'part time', 'review videos', 'WhatsApp mentor']",MEDIUM,89.8,Contains social engineering patterns matching Task Job Scam with artificial urgency.,programmatic_fictional_threat_pattern_generation,True
SYNTH_TXT_SCAM_0366,"Earn INR 5,000 to 15,000 daily working part-time from home! Only 30 minutes daily reviewing travel videos. Join WhatsApp mentor: https://wa.example/27987",suspicious_demo,Task Job Scam,"['daily income', 'part time', 'review videos', 'WhatsApp mentor']",MEDIUM,88.7,Contains social engineering patterns matching Task Job Scam with artificial urgency.,programmatic_fictional_threat_pattern_generation,True
SYNTH_TXT_LEGIT_0239,Your feedback matters: How was your service experience at Branch #14373? Rate us from 1 to 5.,legitimate_demo,Customer Notification,[],LOW,3.2,Standard benign notification containing no social engineering or urgency markers.,programmatic_fictional_template_variation,True
SYNTH_TXT_LEGIT_0024,Shipment update: Package #66155 has cleared the regional hub and is moving on schedule.,legitimate_demo,Customer Notification,[],LOW,4.9,Standard benign notification containing no social engineering or urgency markers.,programmatic_fictional_template_variation,True
SYNTH_TXT_SCAM_0445,"Fast Personal Loan Approved: INR 5,00,000 pre-approved with zero interest for 6 months. Pay 2% processing fee to disburse: https://instant-loan-hub.example/12389",suspicious_demo,Loan Processing Fraud,"['pre-approved loan', 'zero interest', 'pay processing fee']",MEDIUM,76.2,Contains social engineering patterns matching Loan Processing Fraud with artificial urgency.,programmatic_fictional_threat_pattern_generation,True
SYNTH_TXT_LEGIT_0158,"Password for your corporate portal was updated successfully on 28-Oct. If not done by you, contact IT support.",legitimate_demo,Customer Notification,[],LOW,6.6,Standard benign notification containing no social engineering or urgency markers.,programmatic_fictional_template_variation,True
SYNTH_TXT_SCAM_0323,FINAL WARNING: Share Market Insider VIP Group: 100% accurate SEBI multi-bagger calls. Join private Telegram channel before link expires: https://t.example/83608,suspicious_demo,Stock Market Scam,"['100% accurate', 'insider VIP', 'multi-bagger', 'expires']",MEDIUM,82.4,Contains social engineering patterns matching Stock Market Scam with artificial urgency.,programmatic_fictional_threat_pattern_generation,True
SYNTH_TXT_SCAM_0313,Customs Seizure Alert: A FedEx courier containing illegal narcotics and fake passports under your name was seized. Pay verification deposit at https://customs-nodal.example/39949,suspicious_demo,Customs Seizure,"['customs seized', 'narcotics', 'verification deposit']",MEDIUM,77.8,Contains social engineering patterns matching Customs Seizure with artificial urgency.,programmatic_fictional_threat_pattern_generation,True
SYNTH_TXT_LEGIT_0250,Your recurring auto-debit of INR 85000.00 for utility bill payment has been processed.,legitimate_demo,Customer Notification,[],LOW,10.4,Standard benign notification containing no social engineering or urgency markers.,programmatic_fictional_template_variation,True
SYNTH_TXT_SCAM_0317,HDFC Alert: Your bank debit card is temporarily suspended. Submit OTP and unfreeze account immediately at https://hdfc-unfreeze-secure.example/59060 Do not ignore this statutory notice.,suspicious_demo,Card Suspension,"['card suspended', 'submit OTP', 'unfreeze']",HIGH,94.6,Contains social engineering patterns matching Card Suspension with artificial urgency.,programmatic_fictional_threat_pattern_generation,True
SYNTH_TXT_SCAM_0262,Exclusive Crypto Trading Opportunity: Guaranteed 300% return in 48 hours using automated arbitrage algorithm. Deposit minimum $100 to wallet: https://crypto-growth.example/58566,suspicious_demo,Crypto Fraud,"['guaranteed 300%', 'automated arbitrage', 'deposit wallet']",MEDIUM,71.7,Contains social engineering patterns matching Crypto Fraud with artificial urgency.,programmatic_fictional_threat_pattern_generation,True
SYNTH_TXT_SCAM_0257,HDFC Alert: Your bank debit card is temporarily suspended. Submit OTP and unfreeze account immediately at https://hdfc-unfreeze-secure.example/80804 Do not ignore this statutory notice.,suspicious_demo,Card Suspension,"['card suspended', 'submit OTP', 'unfreeze']",HIGH,78.0,Contains social engineering patterns matching Card Suspension with artificial urgency.,programmatic_fictional_threat_pattern_generation,True
SYNTH_TXT_LEGIT_0051,Reminder: Your scheduled dental consultation with Dr. Mehta is on 15-Oct at 11:30 AM. Call clinic to reschedule. Helpline: 1800-000-000.,legitimate_demo,Customer Notification,[],LOW,5.2,Standard benign notification containing no social engineering or urgency markers.,programmatic_fictional_template_variation,True
SYNTH_TXT_SCAM_0258,"ICICI Bank: Unrecognized login attempt from Russia. If this was not you, block card and share cancellation OTP: 30253",suspicious_demo,Fake Security Alert,"['unrecognized login', 'share OTP', 'block card']",HIGH,92.4,Contains social engineering patterns matching Fake Security Alert with artificial urgency.,programmatic_fictional_threat_pattern_generation,True
SYNTH_TXT_LEGIT_0021,Your package with tracking number TRK-84341 from Courier Express is out for delivery with driver Rahul. Helpline: 1800-000-000.,legitimate_demo,Customer Notification,[],LOW,10.5,Standard benign notification containing no social engineering or urgency markers.,programmatic_fictional_template_variation,True
SYNTH_TXT_LEGIT_0217,"Support ticket #53065 has been resolved. If you require further assistance, reply directly to this thread.",legitimate_demo,Customer Notification,[],LOW,14.4,Standard benign notification containing no social engineering or urgency markers.,programmatic_fictional_template_variation,True
SYNTH_TXT_LEGIT_0073,Your flight AI-30374 from Delhi to Bengaluru departs on 22-Oct at 14:20. Web check-in opens 48 hours prior.,legitimate_demo,Customer Notification,[],LOW,11.3,Standard benign notification containing no social engineering or urgency markers.,programmatic_fictional_template_variation,True
SYNTH_TXT_LEGIT_0233,Your flight AI-96275 from Delhi to Bengaluru departs on 12-Oct at 14:20. Web check-in opens 48 hours prior.,legitimate_demo,Customer Notification,[],LOW,9.4,Standard benign notification containing no social engineering or urgency markers.,programmatic_fictional_template_variation,True
SYNTH_TXT_SCAM_0251,FINAL WARNING: Digital Arrest Notice: CBI Cyber Cell has flagged your Aadhaar in money laundering. Connect via Skype immediately to avoid arrest: https://cbi-investigation.example/25292,suspicious_demo,Authority Impersonation,"['CBI', 'Digital Arrest', 'warrant', 'immediate arrest']",HIGH,69.3,Contains social engineering patterns matching Authority Impersonation with artificial urgency.,programmatic_fictional_threat_pattern_generation,True
SYNTH_TXT_LEGIT_0058,"Password for your corporate portal was updated successfully on 05-Nov. If not done by you, contact IT support.",legitimate_demo,Customer Notification,[],LOW,4.0,Standard benign notification containing no social engineering or urgency markers.,programmatic_fictional_template_variation,True
SYNTH_TXT_LEGIT_0182,Order #87993 has been delivered to your front desk. Thank you for shopping with us.,legitimate_demo,Customer Notification,[],LOW,7.7,Standard benign notification containing no social engineering or urgency markers.,programmatic_fictional_template_variation,True
SYNTH_TXT_LEGIT_0083,Your grocery order #30257 is packed and scheduled for delivery between 4 PM and 6 PM today.,legitimate_demo,Customer Notification,[],LOW,14.7,Standard benign notification containing no social engineering or urgency markers.,programmatic_fictional_template_variation,True
SYNTH_TXT_LEGIT_0042,Order #77839 has been delivered to your front desk. Thank you for shopping with us.,legitimate_demo,Customer Notification,[],LOW,4.9,Standard benign notification containing no social engineering or urgency markers.,programmatic_fictional_template_variation,True
SYNTH_TXT_SCAM_0375,FINAL WARNING: Income Tax Notice: Discrepancy detected in FY24 assessment. Avoid asset freeze and criminal penalty by verifying ITR immediately: https://incometax-filing-alert.example/70260,suspicious_demo,Tax Authority Scam,"['asset freeze', 'criminal penalty', 'immediate action']",MEDIUM,93.6,Contains social engineering patterns matching Tax Authority Scam with artificial urgency.,programmatic_fictional_threat_pattern_generation,True
SYNTH_TXT_LEGIT_0078,"Password for your corporate portal was updated successfully on 15-Oct. If not done by you, contact IT support.",legitimate_demo,Customer Notification,[],LOW,3.0,Standard benign notification containing no social engineering or urgency markers.,programmatic_fictional_template_variation,True
SYNTH_TXT_SCAM_0498,"ICICI Bank: Unrecognized login attempt from Russia. If this was not you, block card and share cancellation OTP: 24573",suspicious_demo,Fake Security Alert,"['unrecognized login', 'share OTP', 'block card']",HIGH,89.1,Contains social engineering patterns matching Fake Security Alert with artificial urgency.,programmatic_fictional_threat_pattern_generation,True
SYNTH_TXT_SCAM_0297,URGENT: Delhi High Court has issued a non-bailable arrest warrant against your phone number. Report online in 30 minutes at https://ecourt-warrant.example/72781,suspicious_demo,Authority Impersonation,"['Court warrant', 'non-bailable', 'urgent arrest']",HIGH,91.3,Contains social engineering patterns matching Authority Impersonation with artificial urgency.,programmatic_fictional_threat_pattern_generation,True
SYNTH_TXT_LEGIT_0032,Your vehicle routine service is scheduled for 25-Oct at Service Hub Center. Kindly bring your warranty book.,legitimate_demo,Customer Notification,[],LOW,12.9,Standard benign notification containing no social engineering or urgency markers.,programmatic_fictional_template_variation,True
SYNTH_TXT_LEGIT_0248,Your monthly credit card e-statement for card ending 1042 is ready. Total due INR 3400. Due date 22-Oct.,legitimate_demo,Customer Notification,[],LOW,8.1,Standard benign notification containing no social engineering or urgency markers.,programmatic_fictional_template_variation,True
SYNTH_TXT_LEGIT_0015,Hotel booking confirmed at Grand Residency for check-in on 25-Oct. Reservation ID: 56566.,legitimate_demo,Customer Notification,[],LOW,11.1,Standard benign notification containing no social engineering or urgency markers.,programmatic_fictional_template_variation,True
SYNTH_TXT_SCAM_0348,"ICICI Bank: Unrecognized login attempt from Russia. If this was not you, block card and share cancellation OTP: 69460",suspicious_demo,Fake Security Alert,"['unrecognized login', 'share OTP', 'block card']",HIGH,75.6,Contains social engineering patterns matching Fake Security Alert with artificial urgency.,programmatic_fictional_threat_pattern_generation,True
SYNTH_TXT_LEGIT_0234,"Your train ticket PNR 99889 is confirmed. Coach B2, Seat 45. Departure scheduled 12-Oct at 06:15 AM.",legitimate_demo,Customer Notification,[],LOW,13.8,Standard benign notification containing no social engineering or urgency markers.,programmatic_fictional_template_variation,True
SYNTH_TXT_LEGIT_0129,UPI transaction of INR 1250.00 to Grocery Store was successful on 05-Nov. Ref: 66179.,legitimate_demo,Customer Notification,[],LOW,4.4,Standard benign notification containing no social engineering or urgency markers.,programmatic_fictional_template_variation,True
SYNTH_TXT_LEGIT_0111,Reminder: Your scheduled dental consultation with Dr. Mehta is on 22-Oct at 11:30 AM. Call clinic to reschedule. Helpline: 1800-000-000.,legitimate_demo,Customer Notification,[],LOW,13.9,Standard benign notification containing no social engineering or urgency markers.,programmatic_fictional_template_variation,True
SYNTH_TXT_SCAM_0265,"Fast Personal Loan Approved: INR 5,00,000 pre-approved with zero interest for 6 months. Pay 2% processing fee to disburse: https://instant-loan-hub.example/99873",suspicious_demo,Loan Processing Fraud,"['pre-approved loan', 'zero interest', 'pay processing fee']",MEDIUM,76.4,Contains social engineering patterns matching Loan Processing Fraud with artificial urgency.,programmatic_fictional_threat_pattern_generation,True
SYNTH_TXT_SCAM_0346,"Dear SBI Customer, your YONO account will be blocked today due to pending PAN KYC. Update PAN card now at https://sbi-kyc-verify.example/22026",suspicious_demo,Banking KYC Scam,"['account blocked', 'pending KYC', 'update PAN', 'urgent']",MEDIUM,88.1,Contains social engineering patterns matching Banking KYC Scam with artificial urgency.,programmatic_fictional_threat_pattern_generation,True
SYNTH_TXT_LEGIT_0047,Salary credit of INR 12450.00 has been deposited into your account ending 7820. Available balance updated.,legitimate_demo,Customer Notification,[],LOW,12.2,Standard benign notification containing no social engineering or urgency markers.,programmatic_fictional_template_variation,True
SYNTH_TXT_SCAM_0431,FINAL WARNING: Digital Arrest Notice: CBI Cyber Cell has flagged your Aadhaar in money laundering. Connect via Skype immediately to avoid arrest: https://cbi-investigation.example/96057,suspicious_demo,Authority Impersonation,"['CBI', 'Digital Arrest', 'warrant', 'immediate arrest']",HIGH,94.9,Contains social engineering patterns matching Authority Impersonation with artificial urgency.,programmatic_fictional_threat_pattern_generation,True
SYNTH_TXT_SCAM_0304,Urgent: Your bank electricity power will be disconnected at 9:30 PM due to unpaid bill. Call nodal power officer at +91 98888 86724 immediately.,suspicious_demo,Utility Disconnection,"['electricity disconnected', 'call officer', 'immediate payment']",MEDIUM,82.0,Contains social engineering patterns matching Utility Disconnection with artificial urgency.,programmatic_fictional_threat_pattern_generation,True
SYNTH_TXT_LEGIT_0142,Order #88697 has been delivered to your front desk. Thank you for shopping with us.,legitimate_demo,Customer Notification,[],LOW,6.5,Standard benign notification containing no social engineering or urgency markers.,programmatic_fictional_template_variation,True
SYNTH_TXT_SCAM_0460,"Fast Personal Loan Approved: INR 5,00,000 pre-approved with zero interest for 6 months. Pay 2% processing fee to disburse: https://instant-loan-hub.example/15726",suspicious_demo,Loan Processing Fraud,"['pre-approved loan', 'zero interest', 'pay processing fee']",MEDIUM,77.7,Contains social engineering patterns matching Loan Processing Fraud with artificial urgency.,programmatic_fictional_threat_pattern_generation,True
SYNTH_TXT_LEGIT_0213,Your flight AI-14852 from Delhi to Bengaluru departs on 28-Oct at 14:20. Web check-in opens 48 hours prior.,legitimate_demo,Customer Notification,[],LOW,13.3,Standard benign notification containing no social engineering or urgency markers.,programmatic_fictional_template_variation,True
SYNTH_TXT_SCAM_0335,"FINAL WARNING: Bank Alert: Your reward points worth INR 9,850 are expiring tonight. Redeem cash directly to bank account at https://bank-reward-redeem.example/66244",suspicious_demo,Points Expiry Scam,"['reward points expiring', 'redeem cash', 'tonight only']",MEDIUM,91.2,Contains social engineering patterns matching Points Expiry Scam with artificial urgency.,programmatic_fictional_threat_pattern_generation,True
SYNTH_TXT_SCAM_0418,Customs Seizure Alert: A FedEx courier containing illegal narcotics and fake passports under your name was seized. Pay verification deposit at https://customs-nodal.example/55015,suspicious_demo,Customs Seizure,"['customs seized', 'narcotics', 'verification deposit']",MEDIUM,95.5,Contains social engineering patterns matching Customs Seizure with artificial urgency.,programmatic_fictional_threat_pattern_generation,True
SYNTH_TXT_SCAM_0472,Exclusive Crypto Trading Opportunity: Guaranteed 300% return in 48 hours using automated arbitrage algorithm. Deposit minimum $100 to wallet: https://crypto-growth.example/28140,suspicious_demo,Crypto Fraud,"['guaranteed 300%', 'automated arbitrage', 'deposit wallet']",MEDIUM,92.1,Contains social engineering patterns matching Crypto Fraud with artificial urgency.,programmatic_fictional_threat_pattern_generation,True
SYNTH_TXT_LEGIT_0133,Your flight AI-80702 from Delhi to Bengaluru departs on 22-Oct at 14:20. Web check-in opens 48 hours prior.,legitimate_demo,Customer Notification,[],LOW,10.5,Standard benign notification containing no social engineering or urgency markers.,programmatic_fictional_template_variation,True
SYNTH_TXT_LEGIT_0175,Hotel booking confirmed at Grand Residency for check-in on 18-Oct. Reservation ID: 20641.,legitimate_demo,Customer Notification,[],LOW,9.2,Standard benign notification containing no social engineering or urgency markers.,programmatic_fictional_template_variation,True
SYNTH_TXT_LEGIT_0120,Thank you for attending today's webinar on digital governance. Workshop slides have been emailed.,legitimate_demo,Customer Notification,[],LOW,9.1,Standard benign notification containing no social engineering or urgency markers.,programmatic_fictional_template_variation,True
SYNTH_TXT_LEGIT_0116,Your broadband connection has been renewed successfully. Next billing cycle commences on 05-Nov. Helpline: 1800-000-000.,legitimate_demo,Customer Notification,[],LOW,10.1,Standard benign notification containing no social engineering or urgency markers.,programmatic_fictional_template_variation,True
SYNTH_TXT_SCAM_0259,FINAL WARNING: Urgent: Your bank electricity power will be disconnected at 9:30 PM due to unpaid bill. Call nodal power officer at +91 98888 95841 immediately.,suspicious_demo,Utility Disconnection,"['electricity disconnected', 'call officer', 'immediate payment']",MEDIUM,68.1,Contains social engineering patterns matching Utility Disconnection with artificial urgency.,programmatic_fictional_threat_pattern_generation,True
SYNTH_TXT_LEGIT_0163,Your grocery order #11854 is packed and scheduled for delivery between 4 PM and 6 PM today.,legitimate_demo,Customer Notification,[],LOW,5.6,Standard benign notification containing no social engineering or urgency markers.,programmatic_fictional_template_variation,True
SYNTH_TXT_SCAM_0333,"ICICI Bank: Unrecognized login attempt from Russia. If this was not you, block card and share cancellation OTP: 82910",suspicious_demo,Fake Security Alert,"['unrecognized login', 'share OTP', 'block card']",HIGH,76.4,Contains social engineering patterns matching Fake Security Alert with artificial urgency.,programmatic_fictional_threat_pattern_generation,True
SYNTH_TXT_SCAM_0476,Digital Arrest Notice: CBI Cyber Cell has flagged your Aadhaar in money laundering. Connect via Skype immediately to avoid arrest: https://cbi-investigation.example/77621,suspicious_demo,Authority Impersonation,"['CBI', 'Digital Arrest', 'warrant', 'immediate arrest']",HIGH,91.4,Contains social engineering patterns matching Authority Impersonation with artificial urgency.,programmatic_fictional_threat_pattern_generation,True
SYNTH_TXT_LEGIT_0210,Your recurring auto-debit of INR 12450.00 for utility bill payment has been processed.,legitimate_demo,Customer Notification,[],LOW,13.1,Standard benign notification containing no social engineering or urgency markers.,programmatic_fictional_template_variation,True
SYNTH_TXT_LEGIT_0211,Reminder: Your scheduled dental consultation with Dr. Mehta is on 05-Nov at 11:30 AM. Call clinic to reschedule.,legitimate_demo,Customer Notification,[],LOW,11.2,Standard benign notification containing no social engineering or urgency markers.,programmatic_fictional_template_variation,True
SYNTH_TXT_SCAM_0423,"FINAL WARNING: ICICI Bank: Unrecognized login attempt from Russia. If this was not you, block card and share cancellation OTP: 30807",suspicious_demo,Fake Security Alert,"['unrecognized login', 'share OTP', 'block card']",HIGH,76.3,Contains social engineering patterns matching Fake Security Alert with artificial urgency.,programmatic_fictional_threat_pattern_generation,True
SYNTH_TXT_SCAM_0314,National Cyber Crime Bureau: Your device IP was traced in criminal operations. Call Investigating Inspector Verma immediately at +91 99999 69441 or face police raid.,suspicious_demo,Police Impersonation,"['police raid', 'cyber crime bureau', 'criminal operation']",MEDIUM,77.4,Contains social engineering patterns matching Police Impersonation with artificial urgency.,programmatic_fictional_threat_pattern_generation,True
SYNTH_TXT_SCAM_0410,"Bank Alert: Your reward points worth INR 9,850 are expiring tonight. Redeem cash directly to bank account at https://bank-reward-redeem.example/21835",suspicious_demo,Points Expiry Scam,"['reward points expiring', 'redeem cash', 'tonight only']",MEDIUM,84.1,Contains social engineering patterns matching Points Expiry Scam with artificial urgency.,programmatic_fictional_threat_pattern_generation,True
SYNTH_TXT_SCAM_0286,"Dear SBI Customer, your YONO account will be blocked today due to pending PAN KYC. Update PAN card now at https://sbi-kyc-verify.example/12068",suspicious_demo,Banking KYC Scam,"['account blocked', 'pending KYC', 'update PAN', 'urgent']",MEDIUM,70.4,Contains social engineering patterns matching Banking KYC Scam with artificial urgency.,programmatic_fictional_threat_pattern_generation,True
SYNTH_TXT_SCAM_0289,Urgent: Your bank electricity power will be disconnected at 9:30 PM due to unpaid bill. Call nodal power officer at +91 98888 18330 immediately.,suspicious_demo,Utility Disconnection,"['electricity disconnected', 'call officer', 'immediate payment']",MEDIUM,79.8,Contains social engineering patterns matching Utility Disconnection with artificial urgency.,programmatic_fictional_threat_pattern_generation,True
SYNTH_TXT_LEGIT_0067,Salary credit of INR 450.00 has been deposited into your account ending 7820. Available balance updated.,legitimate_demo,Customer Notification,[],LOW,3.0,Standard benign notification containing no social engineering or urgency markers.,programmatic_fictional_template_variation,True
SYNTH_TXT_LEGIT_0240,Thank you for attending today's webinar on digital governance. Workshop slides have been emailed.,legitimate_demo,Customer Notification,[],LOW,4.3,Standard benign notification containing no social engineering or urgency markers.,programmatic_fictional_template_variation,True
SYNTH_TXT_SCAM_0378,"ICICI Bank: Unrecognized login attempt from Russia. If this was not you, block card and share cancellation OTP: 93904",suspicious_demo,Fake Security Alert,"['unrecognized login', 'share OTP', 'block card']",HIGH,77.9,Contains social engineering patterns matching Fake Security Alert with artificial urgency.,programmatic_fictional_threat_pattern_generation,True
SYNTH_TXT_SCAM_0469,Urgent: Your bank electricity power will be disconnected at 9:30 PM due to unpaid bill. Call nodal power officer at +91 98888 60052 immediately.,suspicious_demo,Utility Disconnection,"['electricity disconnected', 'call officer', 'immediate payment']",MEDIUM,80.6,Contains social engineering patterns matching Utility Disconnection with artificial urgency.,programmatic_fictional_threat_pattern_generation,True
SYNTH_TXT_SCAM_0358,Customs Seizure Alert: A FedEx courier containing illegal narcotics and fake passports under your name was seized. Pay verification deposit at https://customs-nodal.example/77154,suspicious_demo,Customs Seizure,"['customs seized', 'narcotics', 'verification deposit']",MEDIUM,68.5,Contains social engineering patterns matching Customs Seizure with artificial urgency.,programmatic_fictional_threat_pattern_generation,True
SYNTH_TXT_SCAM_0253,Customs Seizure Alert: A FedEx courier containing illegal narcotics and fake passports under your name was seized. Pay verification deposit at https://customs-nodal.example/74569,suspicious_demo,Customs Seizure,"['customs seized', 'narcotics', 'verification deposit']",MEDIUM,68.6,Contains social engineering patterns matching Customs Seizure with artificial urgency.,programmatic_fictional_threat_pattern_generation,True
SYNTH_TXT_LEGIT_0122,Order #86556 has been delivered to your front desk. Thank you for shopping with us.,legitimate_demo,Customer Notification,[],LOW,8.2,Standard benign notification containing no social engineering or urgency markers.,programmatic_fictional_template_variation,True
SYNTH_TXT_LEGIT_0072,Your vehicle routine service is scheduled for 15-Oct at Service Hub Center. Kindly bring your warranty book.,legitimate_demo,Customer Notification,[],LOW,11.7,Standard benign notification containing no social engineering or urgency markers.,programmatic_fictional_template_variation,True
SYNTH_TXT_SCAM_0296,Digital Arrest Notice: CBI Cyber Cell has flagged your Aadhaar in money laundering. Connect via Skype immediately to avoid arrest: https://cbi-investigation.example/14082,suspicious_demo,Authority Impersonation,"['CBI', 'Digital Arrest', 'warrant', 'immediate arrest']",HIGH,66.9,Contains social engineering patterns matching Authority Impersonation with artificial urgency.,programmatic_fictional_threat_pattern_generation,True
SYNTH_TXT_SCAM_0486,"Earn INR 5,000 to 15,000 daily working part-time from home! Only 30 minutes daily reviewing travel videos. Join WhatsApp mentor: https://wa.example/59140",suspicious_demo,Task Job Scam,"['daily income', 'part time', 'review videos', 'WhatsApp mentor']",MEDIUM,72.0,Contains social engineering patterns matching Task Job Scam with artificial urgency.,programmatic_fictional_threat_pattern_generation,True
SYNTH_TXT_LEGIT_0115,Hotel booking confirmed at Grand Residency for check-in on 22-Oct. Reservation ID: 72216.,legitimate_demo,Customer Notification,[],LOW,12.9,Standard benign notification containing no social engineering or urgency markers.,programmatic_fictional_template_variation,True
SYNTH_TXT_SCAM_0261,"Earn INR 5,000 to 15,000 daily working part-time from home! Only 30 minutes daily reviewing travel videos. Join WhatsApp mentor: https://wa.example/46666",suspicious_demo,Task Job Scam,"['daily income', 'part time', 'review videos', 'WhatsApp mentor']",MEDIUM,66.0,Contains social engineering patterns matching Task Job Scam with artificial urgency.,programmatic_fictional_threat_pattern_generation,True
SYNTH_TXT_SCAM_0329,National Cyber Crime Bureau: Your device IP was traced in criminal operations. Call Investigating Inspector Verma immediately at +91 99999 23579 or face police raid. Do not ignore this statutory notice.,suspicious_demo,Police Impersonation,"['police raid', 'cyber crime bureau', 'criminal operation']",MEDIUM,82.9,Contains social engineering patterns matching Police Impersonation with artificial urgency.,programmatic_fictional_threat_pattern_generation,True
SYNTH_TXT_SCAM_0494,National Cyber Crime Bureau: Your device IP was traced in criminal operations. Call Investigating Inspector Verma immediately at +91 99999 10688 or face police raid.,suspicious_demo,Police Impersonation,"['police raid', 'cyber crime bureau', 'criminal operation']",MEDIUM,93.1,Contains social engineering patterns matching Police Impersonation with artificial urgency.,programmatic_fictional_threat_pattern_generation,True
SYNTH_TXT_LEGIT_0081,Your package with tracking number TRK-15229 from Courier Express is out for delivery with driver Rahul. Helpline: 1800-000-000.,legitimate_demo,Customer Notification,[],LOW,10.7,Standard benign notification containing no social engineering or urgency markers.,programmatic_fictional_template_variation,True
SYNTH_TXT_LEGIT_0154,"Your train ticket PNR 35042 is confirmed. Coach B2, Seat 45. Departure scheduled 02-Nov at 06:15 AM.",legitimate_demo,Customer Notification,[],LOW,8.4,Standard benign notification containing no social engineering or urgency markers.,programmatic_fictional_template_variation,True
SYNTH_TXT_LEGIT_0149,UPI transaction of INR 3400.00 to Grocery Store was successful on 22-Oct. Ref: 21359.,legitimate_demo,Customer Notification,[],LOW,11.8,Standard benign notification containing no social engineering or urgency markers.,programmatic_fictional_template_variation,True
SYNTH_TXT_SCAM_0278,Share Market Insider VIP Group: 100% accurate SEBI multi-bagger calls. Join private Telegram channel before link expires: https://t.example/29340,suspicious_demo,Stock Market Scam,"['100% accurate', 'insider VIP', 'multi-bagger', 'expires']",MEDIUM,89.4,Contains social engineering patterns matching Stock Market Scam with artificial urgency.,programmatic_fictional_threat_pattern_generation,True
SYNTH_TXT_SCAM_0282,URGENT: Delhi High Court has issued a non-bailable arrest warrant against your phone number. Report online in 30 minutes at https://ecourt-warrant.example/32871,suspicious_demo,Authority Impersonation,"['Court warrant', 'non-bailable', 'urgent arrest']",HIGH,68.4,Contains social engineering patterns matching Authority Impersonation with artificial urgency.,programmatic_fictional_threat_pattern_generation,True
SYNTH_TXT_LEGIT_0034,"Your train ticket PNR 31174 is confirmed. Coach B2, Seat 45. Departure scheduled 12-Oct at 06:15 AM.",legitimate_demo,Customer Notification,[],LOW,9.8,Standard benign notification containing no social engineering or urgency markers.,programmatic_fictional_template_variation,True
SYNTH_TXT_LEGIT_0178,"Password for your corporate portal was updated successfully on 05-Nov. If not done by you, contact IT support.",legitimate_demo,Customer Notification,[],LOW,2.9,Standard benign notification containing no social engineering or urgency markers.,programmatic_fictional_template_variation,True
SYNTH_TXT_LEGIT_0164,Shipment update: Package #17146 has cleared the regional hub and is moving on schedule.,legitimate_demo,Customer Notification,[],LOW,10.3,Standard benign notification containing no social engineering or urgency markers.,programmatic_fictional_template_variation,True
SYNTH_TXT_LEGIT_0045,Your requested invoice for purchase #14117 is available for download in your customer account.,legitimate_demo,Customer Notification,[],LOW,8.7,Standard benign notification containing no social engineering or urgency markers.,programmatic_fictional_template_variation,True
SYNTH_TXT_SCAM_0320,"Bank Alert: Your reward points worth INR 9,850 are expiring tonight. Redeem cash directly to bank account at https://bank-reward-redeem.example/22656",suspicious_demo,Points Expiry Scam,"['reward points expiring', 'redeem cash', 'tonight only']",MEDIUM,88.1,Contains social engineering patterns matching Points Expiry Scam with artificial urgency.,programmatic_fictional_threat_pattern_generation,True
SYNTH_TXT_LEGIT_0089,UPI transaction of INR 85000.00 to Grocery Store was successful on 25-Oct. Ref: 46517.,legitimate_demo,Customer Notification,[],LOW,6.6,Standard benign notification containing no social engineering or urgency markers.,programmatic_fictional_template_variation,True
SYNTH_TXT_LEGIT_0232,Your vehicle routine service is scheduled for 25-Oct at Service Hub Center. Kindly bring your warranty book.,legitimate_demo,Customer Notification,[],LOW,2.3,Standard benign notification containing no social engineering or urgency markers.,programmatic_fictional_template_variation,True
SYNTH_TXT_LEGIT_0038,"Password for your corporate portal was updated successfully on 18-Oct. If not done by you, contact IT support.",legitimate_demo,Customer Notification,[],LOW,10.6,Standard benign notification containing no social engineering or urgency markers.,programmatic_fictional_template_variation,True
SYNTH_TXT_SCAM_0419,FINAL WARNING: National Cyber Crime Bureau: Your device IP was traced in criminal operations. Call Investigating Inspector Verma immediately at +91 99999 21053 or face police raid.,suspicious_demo,Police Impersonation,"['police raid', 'cyber crime bureau', 'criminal operation']",MEDIUM,80.6,Contains social engineering patterns matching Police Impersonation with artificial urgency.,programmatic_fictional_threat_pattern_generation,True
SYNTH_TXT_LEGIT_0063,Your grocery order #84668 is packed and scheduled for delivery between 4 PM and 6 PM today.,legitimate_demo,Customer Notification,[],LOW,10.1,Standard benign notification containing no social engineering or urgency markers.,programmatic_fictional_template_variation,True
SYNTH_TXT_SCAM_0409,Urgent: Your bank electricity power will be disconnected at 9:30 PM due to unpaid bill. Call nodal power officer at +91 98888 47627 immediately.,suspicious_demo,Utility Disconnection,"['electricity disconnected', 'call officer', 'immediate payment']",MEDIUM,67.4,Contains social engineering patterns matching Utility Disconnection with artificial urgency.,programmatic_fictional_threat_pattern_generation,True
SYNTH_TXT_SCAM_0252,URGENT: Delhi High Court has issued a non-bailable arrest warrant against your phone number. Report online in 30 minutes at https://ecourt-warrant.example/14877,suspicious_demo,Authority Impersonation,"['Court warrant', 'non-bailable', 'urgent arrest']",HIGH,74.4,Contains social engineering patterns matching Authority Impersonation with artificial urgency.,programmatic_fictional_threat_pattern_generation,True
SYNTH_TXT_SCAM_0441,"Earn INR 5,000 to 15,000 daily working part-time from home! Only 30 minutes daily reviewing travel videos. Join WhatsApp mentor: https://wa.example/97833",suspicious_demo,Task Job Scam,"['daily income', 'part time', 'review videos', 'WhatsApp mentor']",MEDIUM,86.8,Contains social engineering patterns matching Task Job Scam with artificial urgency.,programmatic_fictional_threat_pattern_generation,True
SYNTH_TXT_LEGIT_0110,Your recurring auto-debit of INR 85000.00 for utility bill payment has been processed.,legitimate_demo,Customer Notification,[],LOW,4.3,Standard benign notification containing no social engineering or urgency markers.,programmatic_fictional_template_variation,True
SYNTH_TXT_SCAM_0352,Exclusive Crypto Trading Opportunity: Guaranteed 300% return in 48 hours using automated arbitrage algorithm. Deposit minimum $100 to wallet: https://crypto-growth.example/16895,suspicious_demo,Crypto Fraud,"['guaranteed 300%', 'automated arbitrage', 'deposit wallet']",MEDIUM,69.8,Contains social engineering patterns matching Crypto Fraud with artificial urgency.,programmatic_fictional_threat_pattern_generation,True
SYNTH_TXT_LEGIT_0134,"Your train ticket PNR 95426 is confirmed. Coach B2, Seat 45. Departure scheduled 12-Oct at 06:15 AM.",legitimate_demo,Customer Notification,[],LOW,14.3,Standard benign notification containing no social engineering or urgency markers.,programmatic_fictional_template_variation,True
SYNTH_TXT_LEGIT_0135,Hotel booking confirmed at Grand Residency for check-in on 18-Oct. Reservation ID: 36130.,legitimate_demo,Customer Notification,[],LOW,5.1,Standard benign notification containing no social engineering or urgency markers.,programmatic_fictional_template_variation,True
SYNTH_TXT_LEGIT_0061,Your package with tracking number TRK-79615 from Courier Express is out for delivery with driver Rahul.,legitimate_demo,Customer Notification,[],LOW,13.1,Standard benign notification containing no social engineering or urgency markers.,programmatic_fictional_template_variation,True
SYNTH_TXT_SCAM_0288,"ICICI Bank: Unrecognized login attempt from Russia. If this was not you, block card and share cancellation OTP: 65176",suspicious_demo,Fake Security Alert,"['unrecognized login', 'share OTP', 'block card']",HIGH,81.3,Contains social engineering patterns matching Fake Security Alert with artificial urgency.,programmatic_fictional_threat_pattern_generation,True
SYNTH_TXT_SCAM_0455,"FINAL WARNING: Bank Alert: Your reward points worth INR 9,850 are expiring tonight. Redeem cash directly to bank account at https://bank-reward-redeem.example/91006",suspicious_demo,Points Expiry Scam,"['reward points expiring', 'redeem cash', 'tonight only']",MEDIUM,69.1,Contains social engineering patterns matching Points Expiry Scam with artificial urgency.,programmatic_fictional_threat_pattern_generation,True
SYNTH_TXT_SCAM_0439,FINAL WARNING: Urgent: Your bank electricity power will be disconnected at 9:30 PM due to unpaid bill. Call nodal power officer at +91 98888 59372 immediately.,suspicious_demo,Utility Disconnection,"['electricity disconnected', 'call officer', 'immediate payment']",MEDIUM,84.9,Contains social engineering patterns matching Utility Disconnection with artificial urgency.,programmatic_fictional_threat_pattern_generation,True
SYNTH_TXT_SCAM_0492,URGENT: Delhi High Court has issued a non-bailable arrest warrant against your phone number. Report online in 30 minutes at https://ecourt-warrant.example/28191,suspicious_demo,Authority Impersonation,"['Court warrant', 'non-bailable', 'urgent arrest']",HIGH,88.5,Contains social engineering patterns matching Authority Impersonation with artificial urgency.,programmatic_fictional_threat_pattern_generation,True
SYNTH_TXT_SCAM_0382,Exclusive Crypto Trading Opportunity: Guaranteed 300% return in 48 hours using automated arbitrage algorithm. Deposit minimum $100 to wallet: https://crypto-growth.example/57428,suspicious_demo,Crypto Fraud,"['guaranteed 300%', 'automated arbitrage', 'deposit wallet']",MEDIUM,67.7,Contains social engineering patterns matching Crypto Fraud with artificial urgency.,programmatic_fictional_threat_pattern_generation,True
SYNTH_TXT_LEGIT_0014,"Your train ticket PNR 69429 is confirmed. Coach B2, Seat 45. Departure scheduled 28-Oct at 06:15 AM.",legitimate_demo,Customer Notification,[],LOW,4.1,Standard benign notification containing no social engineering or urgency markers.,programmatic_fictional_template_variation,True
SYNTH_TXT_LEGIT_0059,Your feedback matters: How was your service experience at Branch #48890? Rate us from 1 to 5.,legitimate_demo,Customer Notification,[],LOW,11.7,Standard benign notification containing no social engineering or urgency markers.,programmatic_fictional_template_variation,True
SYNTH_TXT_LEGIT_0128,Your monthly credit card e-statement for card ending 5531 is ready. Total due INR 12450. Due date 12-Oct.,legitimate_demo,Customer Notification,[],LOW,3.1,Standard benign notification containing no social engineering or urgency markers.,programmatic_fictional_template_variation,True
SYNTH_TXT_LEGIT_0143,Your grocery order #66148 is packed and scheduled for delivery between 4 PM and 6 PM today.,legitimate_demo,Customer Notification,[],LOW,8.6,Standard benign notification containing no social engineering or urgency markers.,programmatic_fictional_template_variation,True
SYNTH_TXT_LEGIT_0161,Your package with tracking number TRK-73464 from Courier Express is out for delivery with driver Rahul. Helpline: 1800-000-000.,legitimate_demo,Customer Notification,[],LOW,14.7,Standard benign notification containing no social engineering or urgency markers.,programmatic_fictional_template_variation,True
SYNTH_TXT_SCAM_0449,National Cyber Crime Bureau: Your device IP was traced in criminal operations. Call Investigating Inspector Verma immediately at +91 99999 28030 or face police raid. Do not ignore this statutory notice.,suspicious_demo,Police Impersonation,"['police raid', 'cyber crime bureau', 'criminal operation']",MEDIUM,69.8,Contains social engineering patterns matching Police Impersonation with artificial urgency.,programmatic_fictional_threat_pattern_generation,True
SYNTH_TXT_SCAM_0430,"Fast Personal Loan Approved: INR 5,00,000 pre-approved with zero interest for 6 months. Pay 2% processing fee to disburse: https://instant-loan-hub.example/43029",suspicious_demo,Loan Processing Fraud,"['pre-approved loan', 'zero interest', 'pay processing fee']",MEDIUM,87.4,Contains social engineering patterns matching Loan Processing Fraud with artificial urgency.,programmatic_fictional_threat_pattern_generation,True
SYNTH_TXT_SCAM_0272,HDFC Alert: Your bank debit card is temporarily suspended. Submit OTP and unfreeze account immediately at https://hdfc-unfreeze-secure.example/16629,suspicious_demo,Card Suspension,"['card suspended', 'submit OTP', 'unfreeze']",HIGH,89.4,Contains social engineering patterns matching Card Suspension with artificial urgency.,programmatic_fictional_threat_pattern_generation,True
SYNTH_TXT_LEGIT_0071,Reminder: Your scheduled dental consultation with Dr. Mehta is on 15-Oct at 11:30 AM. Call clinic to reschedule. Helpline: 1800-000-000.,legitimate_demo,Customer Notification,[],LOW,14.2,Standard benign notification containing no social engineering or urgency markers.,programmatic_fictional_template_variation,True
SYNTH_TXT_SCAM_0294,"Congratulations! Your mobile number won 1st prize of INR 25,00,000 in KBC Lucky Draw 2026. Contact lottery manager Rana at +91 97777 96363",suspicious_demo,Lottery Fraud,"['KBC lucky draw', 'won 25 lakhs', 'lottery manager']",MEDIUM,81.2,Contains social engineering patterns matching Lottery Fraud with artificial urgency.,programmatic_fictional_threat_pattern_generation,True
SYNTH_TXT_LEGIT_0040,Thank you for attending today's webinar on digital governance. Workshop slides have been emailed.,legitimate_demo,Customer Notification,[],LOW,11.3,Standard benign notification containing no social engineering or urgency markers.,programmatic_fictional_template_variation,True
SYNTH_TXT_SCAM_0380,"Bank Alert: Your reward points worth INR 9,850 are expiring tonight. Redeem cash directly to bank account at https://bank-reward-redeem.example/52568",suspicious_demo,Points Expiry Scam,"['reward points expiring', 'redeem cash', 'tonight only']",MEDIUM,70.3,Contains social engineering patterns matching Points Expiry Scam with artificial urgency.,programmatic_fictional_threat_pattern_generation,True
SYNTH_TXT_LEGIT_0191,Reminder: Your scheduled dental consultation with Dr. Mehta is on 28-Oct at 11:30 AM. Call clinic to reschedule. Helpline: 1800-000-000.,legitimate_demo,Customer Notification,[],LOW,7.4,Standard benign notification containing no social engineering or urgency markers.,programmatic_fictional_template_variation,True
SYNTH_TXT_LEGIT_0190,Your recurring auto-debit of INR 3400.00 for utility bill payment has been processed.,legitimate_demo,Customer Notification,[],LOW,6.2,Standard benign notification containing no social engineering or urgency markers.,programmatic_fictional_template_variation,True
SYNTH_TXT_LEGIT_0231,Reminder: Your scheduled dental consultation with Dr. Mehta is on 02-Nov at 11:30 AM. Call clinic to reschedule. Helpline: 1800-000-000.,legitimate_demo,Customer Notification,[],LOW,9.4,Standard benign notification containing no social engineering or urgency markers.,programmatic_fictional_template_variation,True
SYNTH_TXT_LEGIT_0079,Your feedback matters: How was your service experience at Branch #29536? Rate us from 1 to 5.,legitimate_demo,Customer Notification,[],LOW,9.6,Standard benign notification containing no social engineering or urgency markers.,programmatic_fictional_template_variation,True
SYNTH_TXT_SCAM_0310,"Fast Personal Loan Approved: INR 5,00,000 pre-approved with zero interest for 6 months. Pay 2% processing fee to disburse: https://instant-loan-hub.example/95316",suspicious_demo,Loan Processing Fraud,"['pre-approved loan', 'zero interest', 'pay processing fee']",MEDIUM,92.2,Contains social engineering patterns matching Loan Processing Fraud with artificial urgency.,programmatic_fictional_threat_pattern_generation,True
SYNTH_TXT_LEGIT_0017,"Support ticket #42087 has been resolved. If you require further assistance, reply directly to this thread.",legitimate_demo,Customer Notification,[],LOW,5.5,Standard benign notification containing no social engineering or urgency markers.,programmatic_fictional_template_variation,True
SYNTH_TXT_SCAM_0291,"FINAL WARNING: Earn INR 5,000 to 15,000 daily working part-time from home! Only 30 minutes daily reviewing travel videos. Join WhatsApp mentor: https://wa.example/24293",suspicious_demo,Task Job Scam,"['daily income', 'part time', 'review videos', 'WhatsApp mentor']",MEDIUM,79.0,Contains social engineering patterns matching Task Job Scam with artificial urgency.,programmatic_fictional_threat_pattern_generation,True
SYNTH_TXT_LEGIT_0197,"Support ticket #16764 has been resolved. If you require further assistance, reply directly to this thread.",legitimate_demo,Customer Notification,[],LOW,14.1,Standard benign notification containing no social engineering or urgency markers.,programmatic_fictional_template_variation,True
SYNTH_TXT_LEGIT_0186,"Dear Customer, INR 450.00 has been debited from your A/c ending 3891 on 12-Oct. Ref: 13390. Helpline: 1800-000-000.",legitimate_demo,Customer Notification,[],LOW,15.0,Standard benign notification containing no social engineering or urgency markers.,programmatic_fictional_template_variation,True
SYNTH_TXT_LEGIT_0188,Your monthly credit card e-statement for card ending 9014 is ready. Total due INR 5999. Due date 05-Nov.,legitimate_demo,Customer Notification,[],LOW,13.9,Standard benign notification containing no social engineering or urgency markers.,programmatic_fictional_template_variation,True
SYNTH_TXT_LEGIT_0121,Your package with tracking number TRK-64496 from Courier Express is out for delivery with driver Rahul.,legitimate_demo,Customer Notification,[],LOW,7.1,Standard benign notification containing no social engineering or urgency markers.,programmatic_fictional_template_variation,True
SYNTH_TXT_SCAM_0459,"FINAL WARNING: Congratulations! Your mobile number won 1st prize of INR 25,00,000 in KBC Lucky Draw 2026. Contact lottery manager Rana at +91 97777 31697",suspicious_demo,Lottery Fraud,"['KBC lucky draw', 'won 25 lakhs', 'lottery manager']",MEDIUM,87.4,Contains social engineering patterns matching Lottery Fraud with artificial urgency.,programmatic_fictional_threat_pattern_generation,True
SYNTH_TXT_LEGIT_0065,Your requested invoice for purchase #36772 is available for download in your customer account.,legitimate_demo,Customer Notification,[],LOW,5.1,Standard benign notification containing no social engineering or urgency markers.,programmatic_fictional_template_variation,True
SYNTH_TXT_LEGIT_0018,"Password for your corporate portal was updated successfully on 22-Oct. If not done by you, contact IT support.",legitimate_demo,Customer Notification,[],LOW,10.9,Standard benign notification containing no social engineering or urgency markers.,programmatic_fictional_template_variation,True
SYNTH_TXT_LEGIT_0225,Your requested invoice for purchase #20350 is available for download in your customer account.,legitimate_demo,Customer Notification,[],LOW,10.1,Standard benign notification containing no social engineering or urgency markers.,programmatic_fictional_template_variation,True
SYNTH_TXT_SCAM_0312,URGENT: Delhi High Court has issued a non-bailable arrest warrant against your phone number. Report online in 30 minutes at https://ecourt-warrant.example/38183,suspicious_demo,Authority Impersonation,"['Court warrant', 'non-bailable', 'urgent arrest']",HIGH,78.3,Contains social engineering patterns matching Authority Impersonation with artificial urgency.,programmatic_fictional_threat_pattern_generation,True
SYNTH_TXT_SCAM_0483,"FINAL WARNING: ICICI Bank: Unrecognized login attempt from Russia. If this was not you, block card and share cancellation OTP: 64381",suspicious_demo,Fake Security Alert,"['unrecognized login', 'share OTP', 'block card']",HIGH,66.7,Contains social engineering patterns matching Fake Security Alert with artificial urgency.,programmatic_fictional_threat_pattern_generation,True
SYNTH_TXT_LEGIT_0016,Your broadband connection has been renewed successfully. Next billing cycle commences on 18-Oct.,legitimate_demo,Customer Notification,[],LOW,8.9,Standard benign notification containing no social engineering or urgency markers.,programmatic_fictional_template_variation,True
SYNTH_TXT_LEGIT_0082,Order #56357 has been delivered to your front desk. Thank you for shopping with us.,legitimate_demo,Customer Notification,[],LOW,14.7,Standard benign notification containing no social engineering or urgency markers.,programmatic_fictional_template_variation,True
SYNTH_TXT_SCAM_0263,FINAL WARNING: Share Market Insider VIP Group: 100% accurate SEBI multi-bagger calls. Join private Telegram channel before link expires: https://t.example/68287,suspicious_demo,Stock Market Scam,"['100% accurate', 'insider VIP', 'multi-bagger', 'expires']",MEDIUM,94.5,Contains social engineering patterns matching Stock Market Scam with artificial urgency.,programmatic_fictional_threat_pattern_generation,True
SYNTH_TXT_LEGIT_0187,Salary credit of INR 85000.00 has been deposited into your account ending 4412. Available balance updated.,legitimate_demo,Customer Notification,[],LOW,11.9,Standard benign notification containing no social engineering or urgency markers.,programmatic_fictional_template_variation,True
SYNTH_TXT_LEGIT_0208,Your monthly credit card e-statement for card ending 7820 is ready. Total due INR 12450. Due date 28-Oct.,legitimate_demo,Customer Notification,[],LOW,6.3,Standard benign notification containing no social engineering or urgency markers.,programmatic_fictional_template_variation,True
SYNTH_TXT_SCAM_0327,FINAL WARNING: URGENT: Delhi High Court has issued a non-bailable arrest warrant against your phone number. Report online in 30 minutes at https://ecourt-warrant.example/16743,suspicious_demo,Authority Impersonation,"['Court warrant', 'non-bailable', 'urgent arrest']",HIGH,95.0,Contains social engineering patterns matching Authority Impersonation with artificial urgency.,programmatic_fictional_threat_pattern_generation,True
SYNTH_TXT_LEGIT_0039,Your feedback matters: How was your service experience at Branch #82063? Rate us from 1 to 5.,legitimate_demo,Customer Notification,[],LOW,14.5,Standard benign notification containing no social engineering or urgency markers.,programmatic_fictional_template_variation,True
SYNTH_TXT_LEGIT_0030,Your recurring auto-debit of INR 450.00 for utility bill payment has been processed.,legitimate_demo,Customer Notification,[],LOW,4.1,Standard benign notification containing no social engineering or urgency markers.,programmatic_fictional_template_variation,True
SYNTH_TXT_SCAM_0500,"Bank Alert: Your reward points worth INR 9,850 are expiring tonight. Redeem cash directly to bank account at https://bank-reward-redeem.example/16258",suspicious_demo,Points Expiry Scam,"['reward points expiring', 'redeem cash', 'tonight only']",MEDIUM,72.4,Contains social engineering patterns matching Points Expiry Scam with artificial urgency.,programmatic_fictional_threat_pattern_generation,True
SYNTH_TXT_LEGIT_0141,Your package with tracking number TRK-92213 from Courier Express is out for delivery with driver Rahul. Helpline: 1800-000-000.,legitimate_demo,Customer Notification,[],LOW,13.1,Standard benign notification containing no social engineering or urgency markers.,programmatic_fictional_template_variation,True
SYNTH_TXT_LEGIT_0223,Your grocery order #48452 is packed and scheduled for delivery between 4 PM and 6 PM today.,legitimate_demo,Customer Notification,[],LOW,3.9,Standard benign notification containing no social engineering or urgency markers.,programmatic_fictional_template_variation,True
SYNTH_TXT_SCAM_0479,FINAL WARNING: National Cyber Crime Bureau: Your device IP was traced in criminal operations. Call Investigating Inspector Verma immediately at +91 99999 77286 or face police raid.,suspicious_demo,Police Impersonation,"['police raid', 'cyber crime bureau', 'criminal operation']",MEDIUM,69.6,Contains social engineering patterns matching Police Impersonation with artificial urgency.,programmatic_fictional_threat_pattern_generation,True
SYNTH_TXT_SCAM_0434,National Cyber Crime Bureau: Your device IP was traced in criminal operations. Call Investigating Inspector Verma immediately at +91 99999 96980 or face police raid.,suspicious_demo,Police Impersonation,"['police raid', 'cyber crime bureau', 'criminal operation']",MEDIUM,69.4,Contains social engineering patterns matching Police Impersonation with artificial urgency.,programmatic_fictional_threat_pattern_generation,True
SYNTH_TXT_SCAM_0408,"ICICI Bank: Unrecognized login attempt from Russia. If this was not you, block card and share cancellation OTP: 14929",suspicious_demo,Fake Security Alert,"['unrecognized login', 'share OTP', 'block card']",HIGH,66.8,Contains social engineering patterns matching Fake Security Alert with artificial urgency.,programmatic_fictional_threat_pattern_generation,True
SYNTH_TXT_SCAM_0359,FINAL WARNING: National Cyber Crime Bureau: Your device IP was traced in criminal operations. Call Investigating Inspector Verma immediately at +91 99999 66349 or face police raid.,suspicious_demo,Police Impersonation,"['police raid', 'cyber crime bureau', 'criminal operation']",MEDIUM,68.4,Contains social engineering patterns matching Police Impersonation with artificial urgency.,programmatic_fictional_threat_pattern_generation,True
SYNTH_TXT_LEGIT_0180,Thank you for attending today's webinar on digital governance. Workshop slides have been emailed.,legitimate_demo,Customer Notification,[],LOW,13.8,Standard benign notification containing no social engineering or urgency markers.,programmatic_fictional_template_variation,True
SYNTH_TXT_LEGIT_0228,Your monthly credit card e-statement for card ending 5531 is ready. Total due INR 3400. Due date 18-Oct.,legitimate_demo,Customer Notification,[],LOW,3.0,Standard benign notification containing no social engineering or urgency markers.,programmatic_fictional_template_variation,True
SYNTH_TXT_SCAM_0354,"Congratulations! Your mobile number won 1st prize of INR 25,00,000 in KBC Lucky Draw 2026. Contact lottery manager Rana at +91 97777 20693",suspicious_demo,Lottery Fraud,"['KBC lucky draw', 'won 25 lakhs', 'lottery manager']",MEDIUM,73.4,Contains social engineering patterns matching Lottery Fraud with artificial urgency.,programmatic_fictional_threat_pattern_generation,True
SYNTH_TXT_LEGIT_0086,"Dear Customer, INR 5999.00 has been debited from your A/c ending 6729 on 12-Oct. Ref: 24168. Helpline: 1800-000-000.",legitimate_demo,Customer Notification,[],LOW,13.2,Standard benign notification containing no social engineering or urgency markers.,programmatic_fictional_template_variation,True
SYNTH_TXT_LEGIT_0219,Your feedback matters: How was your service experience at Branch #14705? Rate us from 1 to 5.,legitimate_demo,Customer Notification,[],LOW,10.2,Standard benign notification containing no social engineering or urgency markers.,programmatic_fictional_template_variation,True
SYNTH_TXT_SCAM_0370,"Fast Personal Loan Approved: INR 5,00,000 pre-approved with zero interest for 6 months. Pay 2% processing fee to disburse: https://instant-loan-hub.example/59834",suspicious_demo,Loan Processing Fraud,"['pre-approved loan', 'zero interest', 'pay processing fee']",MEDIUM,81.5,Contains social engineering patterns matching Loan Processing Fraud with artificial urgency.,programmatic_fictional_threat_pattern_generation,True
SYNTH_TXT_LEGIT_0229,UPI transaction of INR 12450.00 to Grocery Store was successful on 02-Nov. Ref: 55293.,legitimate_demo,Customer Notification,[],LOW,11.0,Standard benign notification containing no social engineering or urgency markers.,programmatic_fictional_template_variation,True
SYNTH_TXT_LEGIT_0157,"Support ticket #41890 has been resolved. If you require further assistance, reply directly to this thread.",legitimate_demo,Customer Notification,[],LOW,8.2,Standard benign notification containing no social engineering or urgency markers.,programmatic_fictional_template_variation,True
SYNTH_TXT_LEGIT_0152,Your vehicle routine service is scheduled for 28-Oct at Service Hub Center. Kindly bring your warranty book.,legitimate_demo,Customer Notification,[],LOW,5.6,Standard benign notification containing no social engineering or urgency markers.,programmatic_fictional_template_variation,True
SYNTH_TXT_SCAM_0339,"FINAL WARNING: Congratulations! Your mobile number won 1st prize of INR 25,00,000 in KBC Lucky Draw 2026. Contact lottery manager Rana at +91 97777 45054",suspicious_demo,Lottery Fraud,"['KBC lucky draw', 'won 25 lakhs', 'lottery manager']",MEDIUM,65.9,Contains social engineering patterns matching Lottery Fraud with artificial urgency.,programmatic_fictional_threat_pattern_generation,True
SYNTH_TXT_LEGIT_0168,Your monthly credit card e-statement for card ending 7820 is ready. Total due INR 5999. Due date 15-Oct.,legitimate_demo,Customer Notification,[],LOW,9.5,Standard benign notification containing no social engineering or urgency markers.,programmatic_fictional_template_variation,True
SYNTH_TXT_SCAM_0372,URGENT: Delhi High Court has issued a non-bailable arrest warrant against your phone number. Report online in 30 minutes at https://ecourt-warrant.example/97562,suspicious_demo,Authority Impersonation,"['Court warrant', 'non-bailable', 'urgent arrest']",HIGH,90.0,Contains social engineering patterns matching Authority Impersonation with artificial urgency.,programmatic_fictional_threat_pattern_generation,True
SYNTH_TXT_LEGIT_0053,Your flight AI-46509 from Delhi to Bengaluru departs on 15-Oct at 14:20. Web check-in opens 48 hours prior.,legitimate_demo,Customer Notification,[],LOW,7.8,Standard benign notification containing no social engineering or urgency markers.,programmatic_fictional_template_variation,True
SYNTH_TXT_LEGIT_0165,Your requested invoice for purchase #74340 is available for download in your customer account.,legitimate_demo,Customer Notification,[],LOW,9.5,Standard benign notification containing no social engineering or urgency markers.,programmatic_fictional_template_variation,True
SYNTH_TXT_SCAM_0413,Share Market Insider VIP Group: 100% accurate SEBI multi-bagger calls. Join private Telegram channel before link expires: https://t.example/15376 Do not ignore this statutory notice.,suspicious_demo,Stock Market Scam,"['100% accurate', 'insider VIP', 'multi-bagger', 'expires']",MEDIUM,78.9,Contains social engineering patterns matching Stock Market Scam with artificial urgency.,programmatic_fictional_threat_pattern_generation,True
SYNTH_TXT_SCAM_0433,Customs Seizure Alert: A FedEx courier containing illegal narcotics and fake passports under your name was seized. Pay verification deposit at https://customs-nodal.example/53694,suspicious_demo,Customs Seizure,"['customs seized', 'narcotics', 'verification deposit']",MEDIUM,67.5,Contains social engineering patterns matching Customs Seizure with artificial urgency.,programmatic_fictional_threat_pattern_generation,True
SYNTH_TXT_LEGIT_0093,Your flight AI-77033 from Delhi to Bengaluru departs on 22-Oct at 14:20. Web check-in opens 48 hours prior.,legitimate_demo,Customer Notification,[],LOW,5.3,Standard benign notification containing no social engineering or urgency markers.,programmatic_fictional_template_variation,True
SYNTH_TXT_SCAM_0309,"Congratulations! Your mobile number won 1st prize of INR 25,00,000 in KBC Lucky Draw 2026. Contact lottery manager Rana at +91 97777 24996",suspicious_demo,Lottery Fraud,"['KBC lucky draw', 'won 25 lakhs', 'lottery manager']",MEDIUM,91.4,Contains social engineering patterns matching Lottery Fraud with artificial urgency.,programmatic_fictional_threat_pattern_generation,True
SYNTH_TXT_LEGIT_0221,Your package with tracking number TRK-22903 from Courier Express is out for delivery with driver Rahul. Helpline: 1800-000-000.,legitimate_demo,Customer Notification,[],LOW,7.8,Standard benign notification containing no social engineering or urgency markers.,programmatic_fictional_template_variation,True
SYNTH_TXT_LEGIT_0041,Your package with tracking number TRK-62296 from Courier Express is out for delivery with driver Rahul. Helpline: 1800-000-000.,legitimate_demo,Customer Notification,[],LOW,7.7,Standard benign notification containing no social engineering or urgency markers.,programmatic_fictional_template_variation,True
SYNTH_TXT_LEGIT_0218,"Password for your corporate portal was updated successfully on 05-Nov. If not done by you, contact IT support.",legitimate_demo,Customer Notification,[],LOW,13.3,Standard benign notification containing no social engineering or urgency markers.,programmatic_fictional_template_variation,True
SYNTH_TXT_SCAM_0373,Customs Seizure Alert: A FedEx courier containing illegal narcotics and fake passports under your name was seized. Pay verification deposit at https://customs-nodal.example/19447,suspicious_demo,Customs Seizure,"['customs seized', 'narcotics', 'verification deposit']",MEDIUM,77.3,Contains social engineering patterns matching Customs Seizure with artificial urgency.,programmatic_fictional_threat_pattern_generation,True
SYNTH_TXT_LEGIT_0043,Your grocery order #54313 is packed and scheduled for delivery between 4 PM and 6 PM today.,legitimate_demo,Customer Notification,[],LOW,9.6,Standard benign notification containing no social engineering or urgency markers.,programmatic_fictional_template_variation,True
SYNTH_TXT_LEGIT_0137,"Support ticket #43586 has been resolved. If you require further assistance, reply directly to this thread.",legitimate_demo,Customer Notification,[],LOW,9.9,Standard benign notification containing no social engineering or urgency markers.,programmatic_fictional_template_variation,True
SYNTH_TXT_SCAM_0266,Digital Arrest Notice: CBI Cyber Cell has flagged your Aadhaar in money laundering. Connect via Skype immediately to avoid arrest: https://cbi-investigation.example/94518,suspicious_demo,Authority Impersonation,"['CBI', 'Digital Arrest', 'warrant', 'immediate arrest']",HIGH,76.1,Contains social engineering patterns matching Authority Impersonation with artificial urgency.,programmatic_fictional_threat_pattern_generation,True
SYNTH_TXT_SCAM_0389,National Cyber Crime Bureau: Your device IP was traced in criminal operations. Call Investigating Inspector Verma immediately at +91 99999 92998 or face police raid. Do not ignore this statutory notice.,suspicious_demo,Police Impersonation,"['police raid', 'cyber crime bureau', 'criminal operation']",MEDIUM,68.5,Contains social engineering patterns matching Police Impersonation with artificial urgency.,programmatic_fictional_threat_pattern_generation,True
SYNTH_TXT_SCAM_0427,FINAL WARNING: Exclusive Crypto Trading Opportunity: Guaranteed 300% return in 48 hours using automated arbitrage algorithm. Deposit minimum $100 to wallet: https://crypto-growth.example/94843,suspicious_demo,Crypto Fraud,"['guaranteed 300%', 'automated arbitrage', 'deposit wallet']",MEDIUM,75.4,Contains social engineering patterns matching Crypto Fraud with artificial urgency.,programmatic_fictional_threat_pattern_generation,True
SYNTH_TXT_SCAM_0355,"FINAL WARNING: Fast Personal Loan Approved: INR 5,00,000 pre-approved with zero interest for 6 months. Pay 2% processing fee to disburse: https://instant-loan-hub.example/96761",suspicious_demo,Loan Processing Fraud,"['pre-approved loan', 'zero interest', 'pay processing fee']",MEDIUM,78.1,Contains social engineering patterns matching Loan Processing Fraud with artificial urgency.,programmatic_fictional_threat_pattern_generation,True
SYNTH_TXT_SCAM_0255,FINAL WARNING: Income Tax Notice: Discrepancy detected in FY24 assessment. Avoid asset freeze and criminal penalty by verifying ITR immediately: https://incometax-filing-alert.example/27781,suspicious_demo,Tax Authority Scam,"['asset freeze', 'criminal penalty', 'immediate action']",MEDIUM,77.0,Contains social engineering patterns matching Tax Authority Scam with artificial urgency.,programmatic_fictional_threat_pattern_generation,True
SYNTH_TXT_SCAM_0474,"Congratulations! Your mobile number won 1st prize of INR 25,00,000 in KBC Lucky Draw 2026. Contact lottery manager Rana at +91 97777 58655",suspicious_demo,Lottery Fraud,"['KBC lucky draw', 'won 25 lakhs', 'lottery manager']",MEDIUM,82.2,Contains social engineering patterns matching Lottery Fraud with artificial urgency.,programmatic_fictional_threat_pattern_generation,True
SYNTH_TXT_SCAM_0432,URGENT: Delhi High Court has issued a non-bailable arrest warrant against your phone number. Report online in 30 minutes at https://ecourt-warrant.example/88997,suspicious_demo,Authority Impersonation,"['Court warrant', 'non-bailable', 'urgent arrest']",HIGH,92.1,Contains social engineering patterns matching Authority Impersonation with artificial urgency.,programmatic_fictional_threat_pattern_generation,True
SYNTH_TXT_LEGIT_0198,"Password for your corporate portal was updated successfully on 15-Oct. If not done by you, contact IT support.",legitimate_demo,Customer Notification,[],LOW,2.4,Standard benign notification containing no social engineering or urgency markers.,programmatic_fictional_template_variation,True
SYNTH_TXT_LEGIT_0226,"Dear Valued Customer, INR 5999.00 has been debited from your A/c ending 9014 on 18-Oct. Ref: 41566.",legitimate_demo,Customer Notification,[],LOW,5.0,Standard benign notification containing no social engineering or urgency markers.,programmatic_fictional_template_variation,True
SYNTH_TXT_SCAM_0381,"Earn INR 5,000 to 15,000 daily working part-time from home! Only 30 minutes daily reviewing travel videos. Join WhatsApp mentor: https://wa.example/91018",suspicious_demo,Task Job Scam,"['daily income', 'part time', 'review videos', 'WhatsApp mentor']",MEDIUM,79.3,Contains social engineering patterns matching Task Job Scam with artificial urgency.,programmatic_fictional_threat_pattern_generation,True
SYNTH_TXT_LEGIT_0205,Your requested invoice for purchase #46208 is available for download in your customer account.,legitimate_demo,Customer Notification,[],LOW,6.4,Standard benign notification containing no social engineering or urgency markers.,programmatic_fictional_template_variation,True
SYNTH_TXT_LEGIT_0224,Shipment update: Package #79621 has cleared the regional hub and is moving on schedule.,legitimate_demo,Customer Notification,[],LOW,4.2,Standard benign notification containing no social engineering or urgency markers.,programmatic_fictional_template_variation,True
SYNTH_TXT_LEGIT_0189,UPI transaction of INR 12450.00 to Grocery Store was successful on 05-Nov. Ref: 33788.,legitimate_demo,Customer Notification,[],LOW,14.6,Standard benign notification containing no social engineering or urgency markers.,programmatic_fictional_template_variation,True
SYNTH_TXT_LEGIT_0064,Shipment update: Package #64948 has cleared the regional hub and is moving on schedule.,legitimate_demo,Customer Notification,[],LOW,14.2,Standard benign notification containing no social engineering or urgency markers.,programmatic_fictional_template_variation,True
SYNTH_TXT_LEGIT_0140,Thank you for attending today's webinar on digital governance. Workshop slides have been emailed.,legitimate_demo,Customer Notification,[],LOW,3.0,Standard benign notification containing no social engineering or urgency markers.,programmatic_fictional_template_variation,True
SYNTH_TXT_LEGIT_0170,Your recurring auto-debit of INR 450.00 for utility bill payment has been processed.,legitimate_demo,Customer Notification,[],LOW,9.3,Standard benign notification containing no social engineering or urgency markers.,programmatic_fictional_template_variation,True
SYNTH_TXT_SCAM_0336,"Earn INR 5,000 to 15,000 daily working part-time from home! Only 30 minutes daily reviewing travel videos. Join WhatsApp mentor: https://wa.example/91490",suspicious_demo,Task Job Scam,"['daily income', 'part time', 'review videos', 'WhatsApp mentor']",MEDIUM,84.0,Contains social engineering patterns matching Task Job Scam with artificial urgency.,programmatic_fictional_threat_pattern_generation,True
SYNTH_TXT_LEGIT_0025,Your requested invoice for purchase #28131 is available for download in your customer account.,legitimate_demo,Customer Notification,[],LOW,11.8,Standard benign notification containing no social engineering or urgency markers.,programmatic_fictional_template_variation,True
SYNTH_TXT_SCAM_0450,Income Tax Notice: Discrepancy detected in FY24 assessment. Avoid asset freeze and criminal penalty by verifying ITR immediately: https://incometax-filing-alert.example/48770,suspicious_demo,Tax Authority Scam,"['asset freeze', 'criminal penalty', 'immediate action']",MEDIUM,91.2,Contains social engineering patterns matching Tax Authority Scam with artificial urgency.,programmatic_fictional_threat_pattern_generation,True
SYNTH_TXT_LEGIT_0147,Salary credit of INR 85000.00 has been deposited into your account ending 7820. Available balance updated.,legitimate_demo,Customer Notification,[],LOW,7.7,Standard benign notification containing no social engineering or urgency markers.,programmatic_fictional_template_variation,True
SYNTH_TXT_LEGIT_0098,"Password for your corporate portal was updated successfully on 02-Nov. If not done by you, contact IT support.",legitimate_demo,Customer Notification,[],LOW,10.8,Standard benign notification containing no social engineering or urgency markers.,programmatic_fictional_template_variation,True
SYNTH_TXT_SCAM_0332,HDFC Alert: Your bank debit card is temporarily suspended. Submit OTP and unfreeze account immediately at https://hdfc-unfreeze-secure.example/24184,suspicious_demo,Card Suspension,"['card suspended', 'submit OTP', 'unfreeze']",HIGH,75.9,Contains social engineering patterns matching Card Suspension with artificial urgency.,programmatic_fictional_threat_pattern_generation,True
SYNTH_TXT_SCAM_0386,Digital Arrest Notice: CBI Cyber Cell has flagged your Aadhaar in money laundering. Connect via Skype immediately to avoid arrest: https://cbi-investigation.example/50668,suspicious_demo,Authority Impersonation,"['CBI', 'Digital Arrest', 'warrant', 'immediate arrest']",HIGH,88.1,Contains social engineering patterns matching Authority Impersonation with artificial urgency.,programmatic_fictional_threat_pattern_generation,True
SYNTH_TXT_SCAM_0414,"Congratulations! Your mobile number won 1st prize of INR 25,00,000 in KBC Lucky Draw 2026. Contact lottery manager Rana at +91 97777 84928",suspicious_demo,Lottery Fraud,"['KBC lucky draw', 'won 25 lakhs', 'lottery manager']",MEDIUM,85.2,Contains social engineering patterns matching Lottery Fraud with artificial urgency.,programmatic_fictional_threat_pattern_generation,True
SYNTH_TXT_SCAM_0453,"ICICI Bank: Unrecognized login attempt from Russia. If this was not you, block card and share cancellation OTP: 79013",suspicious_demo,Fake Security Alert,"['unrecognized login', 'share OTP', 'block card']",HIGH,66.2,Contains social engineering patterns matching Fake Security Alert with artificial urgency.,programmatic_fictional_threat_pattern_generation,True
SYNTH_TXT_LEGIT_0243,Your grocery order #73156 is packed and scheduled for delivery between 4 PM and 6 PM today.,legitimate_demo,Customer Notification,[],LOW,12.5,Standard benign notification containing no social engineering or urgency markers.,programmatic_fictional_template_variation,True
SYNTH_TXT_SCAM_0466,"Dear SBI Customer, your YONO account will be blocked today due to pending PAN KYC. Update PAN card now at https://sbi-kyc-verify.example/35430",suspicious_demo,Banking KYC Scam,"['account blocked', 'pending KYC', 'update PAN', 'urgent']",MEDIUM,76.4,Contains social engineering patterns matching Banking KYC Scam with artificial urgency.,programmatic_fictional_threat_pattern_generation,True
SYNTH_TXT_LEGIT_0204,Shipment update: Package #60277 has cleared the regional hub and is moving on schedule.,legitimate_demo,Customer Notification,[],LOW,13.2,Standard benign notification containing no social engineering or urgency markers.,programmatic_fictional_template_variation,True
SYNTH_TXT_SCAM_0487,FINAL WARNING: Exclusive Crypto Trading Opportunity: Guaranteed 300% return in 48 hours using automated arbitrage algorithm. Deposit minimum $100 to wallet: https://crypto-growth.example/51770,suspicious_demo,Crypto Fraud,"['guaranteed 300%', 'automated arbitrage', 'deposit wallet']",MEDIUM,93.9,Contains social engineering patterns matching Crypto Fraud with artificial urgency.,programmatic_fictional_threat_pattern_generation,True
SYNTH_TXT_LEGIT_0159,Your feedback matters: How was your service experience at Branch #69473? Rate us from 1 to 5.,legitimate_demo,Customer Notification,[],LOW,5.0,Standard benign notification containing no social engineering or urgency markers.,programmatic_fictional_template_variation,True
SYNTH_TXT_LEGIT_0162,Order #35443 has been delivered to your front desk. Thank you for shopping with us.,legitimate_demo,Customer Notification,[],LOW,4.3,Standard benign notification containing no social engineering or urgency markers.,programmatic_fictional_template_variation,True
SYNTH_TXT_LEGIT_0022,Order #61856 has been delivered to your front desk. Thank you for shopping with us.,legitimate_demo,Customer Notification,[],LOW,5.4,Standard benign notification containing no social engineering or urgency markers.,programmatic_fictional_template_variation,True
SYNTH_TXT_LEGIT_0103,Your grocery order #32241 is packed and scheduled for delivery between 4 PM and 6 PM today.,legitimate_demo,Customer Notification,[],LOW,8.7,Standard benign notification containing no social engineering or urgency markers.,programmatic_fictional_template_variation,True
SYNTH_TXT_SCAM_0406,"Dear SBI Customer, your YONO account will be blocked today due to pending PAN KYC. Update PAN card now at https://sbi-kyc-verify.example/56129",suspicious_demo,Banking KYC Scam,"['account blocked', 'pending KYC', 'update PAN', 'urgent']",MEDIUM,80.7,Contains social engineering patterns matching Banking KYC Scam with artificial urgency.,programmatic_fictional_threat_pattern_generation,True
SYNTH_TXT_SCAM_0435,FINAL WARNING: Income Tax Notice: Discrepancy detected in FY24 assessment. Avoid asset freeze and criminal penalty by verifying ITR immediately: https://incometax-filing-alert.example/55851,suspicious_demo,Tax Authority Scam,"['asset freeze', 'criminal penalty', 'immediate action']",MEDIUM,74.6,Contains social engineering patterns matching Tax Authority Scam with artificial urgency.,programmatic_fictional_threat_pattern_generation,True
SYNTH_TXT_LEGIT_0104,Shipment update: Package #92960 has cleared the regional hub and is moving on schedule.,legitimate_demo,Customer Notification,[],LOW,12.6,Standard benign notification containing no social engineering or urgency markers.,programmatic_fictional_template_variation,True
SYNTH_TXT_LEGIT_0151,Reminder: Your scheduled dental consultation with Dr. Mehta is on 18-Oct at 11:30 AM. Call clinic to reschedule.,legitimate_demo,Customer Notification,[],LOW,8.3,Standard benign notification containing no social engineering or urgency markers.,programmatic_fictional_template_variation,True
SYNTH_TXT_LEGIT_0019,Your feedback matters: How was your service experience at Branch #17331? Rate us from 1 to 5.,legitimate_demo,Customer Notification,[],LOW,12.5,Standard benign notification containing no social engineering or urgency markers.,programmatic_fictional_template_variation,True
SYNTH_TXT_SCAM_0497,HDFC Alert: Your bank debit card is temporarily suspended. Submit OTP and unfreeze account immediately at https://hdfc-unfreeze-secure.example/89807 Do not ignore this statutory notice.,suspicious_demo,Card Suspension,"['card suspended', 'submit OTP', 'unfreeze']",HIGH,81.4,Contains social engineering patterns matching Card Suspension with artificial urgency.,programmatic_fictional_threat_pattern_generation,True
SYNTH_TXT_SCAM_0398,Share Market Insider VIP Group: 100% accurate SEBI multi-bagger calls. Join private Telegram channel before link expires: https://t.example/83889,suspicious_demo,Stock Market Scam,"['100% accurate', 'insider VIP', 'multi-bagger', 'expires']",MEDIUM,88.6,Contains social engineering patterns matching Stock Market Scam with artificial urgency.,programmatic_fictional_threat_pattern_generation,True
SYNTH_TXT_SCAM_0367,FINAL WARNING: Exclusive Crypto Trading Opportunity: Guaranteed 300% return in 48 hours using automated arbitrage algorithm. Deposit minimum $100 to wallet: https://crypto-growth.example/47938,suspicious_demo,Crypto Fraud,"['guaranteed 300%', 'automated arbitrage', 'deposit wallet']",MEDIUM,75.2,Contains social engineering patterns matching Crypto Fraud with artificial urgency.,programmatic_fictional_threat_pattern_generation,True
SYNTH_TXT_SCAM_0496,"Dear SBI Customer, your YONO account will be blocked today due to pending PAN KYC. Update PAN card now at https://sbi-kyc-verify.example/29597",suspicious_demo,Banking KYC Scam,"['account blocked', 'pending KYC', 'update PAN', 'urgent']",MEDIUM,82.0,Contains social engineering patterns matching Banking KYC Scam with artificial urgency.,programmatic_fictional_threat_pattern_generation,True
SYNTH_TXT_LEGIT_0070,Your recurring auto-debit of INR 28000.00 for utility bill payment has been processed.,legitimate_demo,Customer Notification,[],LOW,10.7,Standard benign notification containing no social engineering or urgency markers.,programmatic_fictional_template_variation,True
SYNTH_TXT_SCAM_0416,Digital Arrest Notice: CBI Cyber Cell has flagged your Aadhaar in money laundering. Connect via Skype immediately to avoid arrest: https://cbi-investigation.example/75715,suspicious_demo,Authority Impersonation,"['CBI', 'Digital Arrest', 'warrant', 'immediate arrest']",HIGH,69.7,Contains social engineering patterns matching Authority Impersonation with artificial urgency.,programmatic_fictional_threat_pattern_generation,True
SYNTH_TXT_LEGIT_0094,"Your train ticket PNR 67154 is confirmed. Coach B2, Seat 45. Departure scheduled 22-Oct at 06:15 AM.",legitimate_demo,Customer Notification,[],LOW,6.7,Standard benign notification containing no social engineering or urgency markers.,programmatic_fictional_template_variation,True
SYNTH_TXT_SCAM_0488,Share Market Insider VIP Group: 100% accurate SEBI multi-bagger calls. Join private Telegram channel before link expires: https://t.example/95191,suspicious_demo,Stock Market Scam,"['100% accurate', 'insider VIP', 'multi-bagger', 'expires']",MEDIUM,75.4,Contains social engineering patterns matching Stock Market Scam with artificial urgency.,programmatic_fictional_threat_pattern_generation,True
SYNTH_TXT_LEGIT_0246,"Dear Customer, INR 450.00 has been debited from your A/c ending 4412 on 15-Oct. Ref: 61717. Helpline: 1800-000-000.",legitimate_demo,Customer Notification,[],LOW,7.9,Standard benign notification containing no social engineering or urgency markers.,programmatic_fictional_template_variation,True
SYNTH_TXT_SCAM_0357,URGENT: Delhi High Court has issued a non-bailable arrest warrant against your phone number. Report online in 30 minutes at https://ecourt-warrant.example/45804,suspicious_demo,Authority Impersonation,"['Court warrant', 'non-bailable', 'urgent arrest']",HIGH,71.7,Contains social engineering patterns matching Authority Impersonation with artificial urgency.,programmatic_fictional_threat_pattern_generation,True
SYNTH_TXT_LEGIT_0238,"Password for your corporate portal was updated successfully on 25-Oct. If not done by you, contact IT support.",legitimate_demo,Customer Notification,[],LOW,12.3,Standard benign notification containing no social engineering or urgency markers.,programmatic_fictional_template_variation,True
SYNTH_TXT_SCAM_0351,"FINAL WARNING: Earn INR 5,000 to 15,000 daily working part-time from home! Only 30 minutes daily reviewing travel videos. Join WhatsApp mentor: https://wa.example/84395",suspicious_demo,Task Job Scam,"['daily income', 'part time', 'review videos', 'WhatsApp mentor']",MEDIUM,83.5,Contains social engineering patterns matching Task Job Scam with artificial urgency.,programmatic_fictional_threat_pattern_generation,True
SYNTH_TXT_SCAM_0399,"FINAL WARNING: Congratulations! Your mobile number won 1st prize of INR 25,00,000 in KBC Lucky Draw 2026. Contact lottery manager Rana at +91 97777 68838",suspicious_demo,Lottery Fraud,"['KBC lucky draw', 'won 25 lakhs', 'lottery manager']",MEDIUM,86.1,Contains social engineering patterns matching Lottery Fraud with artificial urgency.,programmatic_fictional_threat_pattern_generation,True
SYNTH_TXT_SCAM_0426,"Earn INR 5,000 to 15,000 daily working part-time from home! Only 30 minutes daily reviewing travel videos. Join WhatsApp mentor: https://wa.example/16863",suspicious_demo,Task Job Scam,"['daily income', 'part time', 'review videos', 'WhatsApp mentor']",MEDIUM,89.5,Contains social engineering patterns matching Task Job Scam with artificial urgency.,programmatic_fictional_threat_pattern_generation,True
SYNTH_TXT_LEGIT_0090,Your recurring auto-debit of INR 5999.00 for utility bill payment has been processed.,legitimate_demo,Customer Notification,[],LOW,14.2,Standard benign notification containing no social engineering or urgency markers.,programmatic_fictional_template_variation,True
SYNTH_TXT_SCAM_0330,Income Tax Notice: Discrepancy detected in FY24 assessment. Avoid asset freeze and criminal penalty by verifying ITR immediately: https://incometax-filing-alert.example/37884,suspicious_demo,Tax Authority Scam,"['asset freeze', 'criminal penalty', 'immediate action']",MEDIUM,69.8,Contains social engineering patterns matching Tax Authority Scam with artificial urgency.,programmatic_fictional_threat_pattern_generation,True
SYNTH_TXT_SCAM_0417,URGENT: Delhi High Court has issued a non-bailable arrest warrant against your phone number. Report online in 30 minutes at https://ecourt-warrant.example/18109,suspicious_demo,Authority Impersonation,"['Court warrant', 'non-bailable', 'urgent arrest']",HIGH,79.0,Contains social engineering patterns matching Authority Impersonation with artificial urgency.,programmatic_fictional_threat_pattern_generation,True
SYNTH_TXT_LEGIT_0174,"Your train ticket PNR 23006 is confirmed. Coach B2, Seat 45. Departure scheduled 22-Oct at 06:15 AM.",legitimate_demo,Customer Notification,[],LOW,5.4,Standard benign notification containing no social engineering or urgency markers.,programmatic_fictional_template_variation,True
SYNTH_TXT_SCAM_0280,"Fast Personal Loan Approved: INR 5,00,000 pre-approved with zero interest for 6 months. Pay 2% processing fee to disburse: https://instant-loan-hub.example/28964",suspicious_demo,Loan Processing Fraud,"['pre-approved loan', 'zero interest', 'pay processing fee']",MEDIUM,95.6,Contains social engineering patterns matching Loan Processing Fraud with artificial urgency.,programmatic_fictional_threat_pattern_generation,True
SYNTH_TXT_SCAM_0478,Customs Seizure Alert: A FedEx courier containing illegal narcotics and fake passports under your name was seized. Pay verification deposit at https://customs-nodal.example/31012,suspicious_demo,Customs Seizure,"['customs seized', 'narcotics', 'verification deposit']",MEDIUM,73.5,Contains social engineering patterns matching Customs Seizure with artificial urgency.,programmatic_fictional_threat_pattern_generation,True
SYNTH_TXT_SCAM_0457,Exclusive Crypto Trading Opportunity: Guaranteed 300% return in 48 hours using automated arbitrage algorithm. Deposit minimum $100 to wallet: https://crypto-growth.example/33703,suspicious_demo,Crypto Fraud,"['guaranteed 300%', 'automated arbitrage', 'deposit wallet']",MEDIUM,90.8,Contains social engineering patterns matching Crypto Fraud with artificial urgency.,programmatic_fictional_threat_pattern_generation,True
SYNTH_TXT_LEGIT_0069,UPI transaction of INR 1250.00 to Grocery Store was successful on 25-Oct. Ref: 19016.,legitimate_demo,Customer Notification,[],LOW,4.1,Standard benign notification containing no social engineering or urgency markers.,programmatic_fictional_template_variation,True
SYNTH_TXT_LEGIT_0171,Reminder: Your scheduled dental consultation with Dr. Mehta is on 22-Oct at 11:30 AM. Call clinic to reschedule. Helpline: 1800-000-000.,legitimate_demo,Customer Notification,[],LOW,12.1,Standard benign notification containing no social engineering or urgency markers.,programmatic_fictional_template_variation,True
SYNTH_TXT_SCAM_0388,Customs Seizure Alert: A FedEx courier containing illegal narcotics and fake passports under your name was seized. Pay verification deposit at https://customs-nodal.example/32037,suspicious_demo,Customs Seizure,"['customs seized', 'narcotics', 'verification deposit']",MEDIUM,67.4,Contains social engineering patterns matching Customs Seizure with artificial urgency.,programmatic_fictional_threat_pattern_generation,True
SYNTH_TXT_SCAM_0377,HDFC Alert: Your bank debit card is temporarily suspended. Submit OTP and unfreeze account immediately at https://hdfc-unfreeze-secure.example/85156 Do not ignore this statutory notice.,suspicious_demo,Card Suspension,"['card suspended', 'submit OTP', 'unfreeze']",HIGH,77.5,Contains social engineering patterns matching Card Suspension with artificial urgency.,programmatic_fictional_threat_pattern_generation,True
SYNTH_TXT_SCAM_0298,Customs Seizure Alert: A FedEx courier containing illegal narcotics and fake passports under your name was seized. Pay verification deposit at https://customs-nodal.example/65872,suspicious_demo,Customs Seizure,"['customs seized', 'narcotics', 'verification deposit']",MEDIUM,86.3,Contains social engineering patterns matching Customs Seizure with artificial urgency.,programmatic_fictional_threat_pattern_generation,True
SYNTH_TXT_SCAM_0396,"Earn INR 5,000 to 15,000 daily working part-time from home! Only 30 minutes daily reviewing travel videos. Join WhatsApp mentor: https://wa.example/95918",suspicious_demo,Task Job Scam,"['daily income', 'part time', 'review videos', 'WhatsApp mentor']",MEDIUM,67.3,Contains social engineering patterns matching Task Job Scam with artificial urgency.,programmatic_fictional_threat_pattern_generation,True
SYNTH_TXT_LEGIT_0054,"Your train ticket PNR 82132 is confirmed. Coach B2, Seat 45. Departure scheduled 12-Oct at 06:15 AM.",legitimate_demo,Customer Notification,[],LOW,14.6,Standard benign notification containing no social engineering or urgency markers.,programmatic_fictional_template_variation,True
SYNTH_TXT_SCAM_0322,Exclusive Crypto Trading Opportunity: Guaranteed 300% return in 48 hours using automated arbitrage algorithm. Deposit minimum $100 to wallet: https://crypto-growth.example/82924,suspicious_demo,Crypto Fraud,"['guaranteed 300%', 'automated arbitrage', 'deposit wallet']",MEDIUM,66.9,Contains social engineering patterns matching Crypto Fraud with artificial urgency.,programmatic_fictional_threat_pattern_generation,True
SYNTH_TXT_SCAM_0337,Exclusive Crypto Trading Opportunity: Guaranteed 300% return in 48 hours using automated arbitrage algorithm. Deposit minimum $100 to wallet: https://crypto-growth.example/94239,suspicious_demo,Crypto Fraud,"['guaranteed 300%', 'automated arbitrage', 'deposit wallet']",MEDIUM,82.3,Contains social engineering patterns matching Crypto Fraud with artificial urgency.,programmatic_fictional_threat_pattern_generation,True
SYNTH_TXT_SCAM_0376,"Dear SBI Customer, your YONO account will be blocked today due to pending PAN KYC. Update PAN card now at https://sbi-kyc-verify.example/51033",suspicious_demo,Banking KYC Scam,"['account blocked', 'pending KYC', 'update PAN', 'urgent']",MEDIUM,82.8,Contains social engineering patterns matching Banking KYC Scam with artificial urgency.,programmatic_fictional_threat_pattern_generation,True
SYNTH_TXT_SCAM_0477,URGENT: Delhi High Court has issued a non-bailable arrest warrant against your phone number. Report online in 30 minutes at https://ecourt-warrant.example/47363,suspicious_demo,Authority Impersonation,"['Court warrant', 'non-bailable', 'urgent arrest']",HIGH,67.6,Contains social engineering patterns matching Authority Impersonation with artificial urgency.,programmatic_fictional_threat_pattern_generation,True
SYNTH_TXT_LEGIT_0177,"Support ticket #71592 has been resolved. If you require further assistance, reply directly to this thread.",legitimate_demo,Customer Notification,[],LOW,5.7,Standard benign notification containing no social engineering or urgency markers.,programmatic_fictional_template_variation,True
SYNTH_TXT_SCAM_0468,"ICICI Bank: Unrecognized login attempt from Russia. If this was not you, block card and share cancellation OTP: 70513",suspicious_demo,Fake Security Alert,"['unrecognized login', 'share OTP', 'block card']",HIGH,88.9,Contains social engineering patterns matching Fake Security Alert with artificial urgency.,programmatic_fictional_threat_pattern_generation,True
SYNTH_TXT_SCAM_0404,National Cyber Crime Bureau: Your device IP was traced in criminal operations. Call Investigating Inspector Verma immediately at +91 99999 67961 or face police raid.,suspicious_demo,Police Impersonation,"['police raid', 'cyber crime bureau', 'criminal operation']",MEDIUM,84.6,Contains social engineering patterns matching Police Impersonation with artificial urgency.,programmatic_fictional_threat_pattern_generation,True
SYNTH_TXT_LEGIT_0183,Your grocery order #71433 is packed and scheduled for delivery between 4 PM and 6 PM today.,legitimate_demo,Customer Notification,[],LOW,14.3,Standard benign notification containing no social engineering or urgency markers.,programmatic_fictional_template_variation,True
SYNTH_TXT_SCAM_0489,"Congratulations! Your mobile number won 1st prize of INR 25,00,000 in KBC Lucky Draw 2026. Contact lottery manager Rana at +91 97777 29142",suspicious_demo,Lottery Fraud,"['KBC lucky draw', 'won 25 lakhs', 'lottery manager']",MEDIUM,69.3,Contains social engineering patterns matching Lottery Fraud with artificial urgency.,programmatic_fictional_threat_pattern_generation,True
SYNTH_TXT_SCAM_0383,FINAL WARNING: Share Market Insider VIP Group: 100% accurate SEBI multi-bagger calls. Join private Telegram channel before link expires: https://t.example/23875,suspicious_demo,Stock Market Scam,"['100% accurate', 'insider VIP', 'multi-bagger', 'expires']",MEDIUM,72.5,Contains social engineering patterns matching Stock Market Scam with artificial urgency.,programmatic_fictional_threat_pattern_generation,True
SYNTH_TXT_LEGIT_0130,Your recurring auto-debit of INR 5999.00 for utility bill payment has been processed.,legitimate_demo,Customer Notification,[],LOW,7.9,Standard benign notification containing no social engineering or urgency markers.,programmatic_fictional_template_variation,True
SYNTH_TXT_LEGIT_0192,Your vehicle routine service is scheduled for 02-Nov at Service Hub Center. Kindly bring your warranty book.,legitimate_demo,Customer Notification,[],LOW,12.6,Standard benign notification containing no social engineering or urgency markers.,programmatic_fictional_template_variation,True
SYNTH_TXT_LEGIT_0199,Your feedback matters: How was your service experience at Branch #92578? Rate us from 1 to 5.,legitimate_demo,Customer Notification,[],LOW,11.2,Standard benign notification containing no social engineering or urgency markers.,programmatic_fictional_template_variation,True
SYNTH_TXT_SCAM_0326,Digital Arrest Notice: CBI Cyber Cell has flagged your Aadhaar in money laundering. Connect via Skype immediately to avoid arrest: https://cbi-investigation.example/65435,suspicious_demo,Authority Impersonation,"['CBI', 'Digital Arrest', 'warrant', 'immediate arrest']",HIGH,91.9,Contains social engineering patterns matching Authority Impersonation with artificial urgency.,programmatic_fictional_threat_pattern_generation,True
SYNTH_TXT_LEGIT_0023,Your grocery order #42325 is packed and scheduled for delivery between 4 PM and 6 PM today.,legitimate_demo,Customer Notification,[],LOW,11.7,Standard benign notification containing no social engineering or urgency markers.,programmatic_fictional_template_variation,True
SYNTH_TXT_LEGIT_0241,Your package with tracking number TRK-27322 from Courier Express is out for delivery with driver Rahul.,legitimate_demo,Customer Notification,[],LOW,8.9,Standard benign notification containing no social engineering or urgency markers.,programmatic_fictional_template_variation,True
SYNTH_TXT_SCAM_0448,Customs Seizure Alert: A FedEx courier containing illegal narcotics and fake passports under your name was seized. Pay verification deposit at https://customs-nodal.example/73736,suspicious_demo,Customs Seizure,"['customs seized', 'narcotics', 'verification deposit']",MEDIUM,71.0,Contains social engineering patterns matching Customs Seizure with artificial urgency.,programmatic_fictional_threat_pattern_generation,True
SYNTH_TXT_LEGIT_0200,Thank you for attending today's webinar on digital governance. Workshop slides have been emailed.,legitimate_demo,Customer Notification,[],LOW,3.2,Standard benign notification containing no social engineering or urgency markers.,programmatic_fictional_template_variation,True
SYNTH_TXT_LEGIT_0011,Reminder: Your scheduled dental consultation with Dr. Mehta is on 28-Oct at 11:30 AM. Call clinic to reschedule. Helpline: 1800-000-000.,legitimate_demo,Customer Notification,[],LOW,9.5,Standard benign notification containing no social engineering or urgency markers.,programmatic_fictional_template_variation,True
SYNTH_TXT_SCAM_0284,National Cyber Crime Bureau: Your device IP was traced in criminal operations. Call Investigating Inspector Verma immediately at +91 99999 56955 or face police raid.,suspicious_demo,Police Impersonation,"['police raid', 'cyber crime bureau', 'criminal operation']",MEDIUM,89.5,Contains social engineering patterns matching Police Impersonation with artificial urgency.,programmatic_fictional_threat_pattern_generation,True
SYNTH_TXT_SCAM_0465,Income Tax Notice: Discrepancy detected in FY24 assessment. Avoid asset freeze and criminal penalty by verifying ITR immediately: https://incometax-filing-alert.example/71474,suspicious_demo,Tax Authority Scam,"['asset freeze', 'criminal penalty', 'immediate action']",MEDIUM,93.0,Contains social engineering patterns matching Tax Authority Scam with artificial urgency.,programmatic_fictional_threat_pattern_generation,True
SYNTH_TXT_SCAM_0403,FINAL WARNING: Customs Seizure Alert: A FedEx courier containing illegal narcotics and fake passports under your name was seized. Pay verification deposit at https://customs-nodal.example/67640,suspicious_demo,Customs Seizure,"['customs seized', 'narcotics', 'verification deposit']",MEDIUM,67.1,Contains social engineering patterns matching Customs Seizure with artificial urgency.,programmatic_fictional_threat_pattern_generation,True
SYNTH_TXT_SCAM_0260,"Bank Alert: Your reward points worth INR 9,850 are expiring tonight. Redeem cash directly to bank account at https://bank-reward-redeem.example/74139",suspicious_demo,Points Expiry Scam,"['reward points expiring', 'redeem cash', 'tonight only']",MEDIUM,84.1,Contains social engineering patterns matching Points Expiry Scam with artificial urgency.,programmatic_fictional_threat_pattern_generation,True
SYNTH_TXT_SCAM_0279,"FINAL WARNING: Congratulations! Your mobile number won 1st prize of INR 25,00,000 in KBC Lucky Draw 2026. Contact lottery manager Rana at +91 97777 88116",suspicious_demo,Lottery Fraud,"['KBC lucky draw', 'won 25 lakhs', 'lottery manager']",MEDIUM,65.1,Contains social engineering patterns matching Lottery Fraud with artificial urgency.,programmatic_fictional_threat_pattern_generation,True
SYNTH_TXT_SCAM_0270,Income Tax Notice: Discrepancy detected in FY24 assessment. Avoid asset freeze and criminal penalty by verifying ITR immediately: https://incometax-filing-alert.example/37801,suspicious_demo,Tax Authority Scam,"['asset freeze', 'criminal penalty', 'immediate action']",MEDIUM,84.9,Contains social engineering patterns matching Tax Authority Scam with artificial urgency.,programmatic_fictional_threat_pattern_generation,True
SYNTH_TXT_LEGIT_0035,Hotel booking confirmed at Grand Residency for check-in on 28-Oct. Reservation ID: 74042.,legitimate_demo,Customer Notification,[],LOW,13.4,Standard benign notification containing no social engineering or urgency markers.,programmatic_fictional_template_variation,True
SYNTH_TXT_LEGIT_0185,Your requested invoice for purchase #15224 is available for download in your customer account.,legitimate_demo,Customer Notification,[],LOW,9.8,Standard benign notification containing no social engineering or urgency markers.,programmatic_fictional_template_variation,True
SYNTH_TXT_SCAM_0269,National Cyber Crime Bureau: Your device IP was traced in criminal operations. Call Investigating Inspector Verma immediately at +91 99999 69600 or face police raid. Do not ignore this statutory notice.,suspicious_demo,Police Impersonation,"['police raid', 'cyber crime bureau', 'criminal operation']",MEDIUM,67.8,Contains social engineering patterns matching Police Impersonation with artificial urgency.,programmatic_fictional_threat_pattern_generation,True
SYNTH_TXT_LEGIT_0044,Shipment update: Package #10942 has cleared the regional hub and is moving on schedule.,legitimate_demo,Customer Notification,[],LOW,5.0,Standard benign notification containing no social engineering or urgency markers.,programmatic_fictional_template_variation,True
SYNTH_TXT_SCAM_0343,FINAL WARNING: Customs Seizure Alert: A FedEx courier containing illegal narcotics and fake passports under your name was seized. Pay verification deposit at https://customs-nodal.example/28776,suspicious_demo,Customs Seizure,"['customs seized', 'narcotics', 'verification deposit']",MEDIUM,82.6,Contains social engineering patterns matching Customs Seizure with artificial urgency.,programmatic_fictional_threat_pattern_generation,True
SYNTH_TXT_SCAM_0341,Digital Arrest Notice: CBI Cyber Cell has flagged your Aadhaar in money laundering. Connect via Skype immediately to avoid arrest: https://cbi-investigation.example/50499 Do not ignore this statutory notice.,suspicious_demo,Authority Impersonation,"['CBI', 'Digital Arrest', 'warrant', 'immediate arrest']",HIGH,93.6,Contains social engineering patterns matching Authority Impersonation with artificial urgency.,programmatic_fictional_threat_pattern_generation,True
SYNTH_TXT_LEGIT_0096,Your broadband connection has been renewed successfully. Next billing cycle commences on 25-Oct. Helpline: 1800-000-000.,legitimate_demo,Customer Notification,[],LOW,10.7,Standard benign notification containing no social engineering or urgency markers.,programmatic_fictional_template_variation,True
SYNTH_TXT_LEGIT_0214,"Your train ticket PNR 67711 is confirmed. Coach B2, Seat 45. Departure scheduled 05-Nov at 06:15 AM.",legitimate_demo,Customer Notification,[],LOW,2.2,Standard benign notification containing no social engineering or urgency markers.,programmatic_fictional_template_variation,True
SYNTH_TXT_SCAM_0293,Share Market Insider VIP Group: 100% accurate SEBI multi-bagger calls. Join private Telegram channel before link expires: https://t.example/15683 Do not ignore this statutory notice.,suspicious_demo,Stock Market Scam,"['100% accurate', 'insider VIP', 'multi-bagger', 'expires']",MEDIUM,87.5,Contains social engineering patterns matching Stock Market Scam with artificial urgency.,programmatic_fictional_threat_pattern_generation,True
SYNTH_TXT_SCAM_0485,"Bank Alert: Your reward points worth INR 9,850 are expiring tonight. Redeem cash directly to bank account at https://bank-reward-redeem.example/60615 Do not ignore this statutory notice.",suspicious_demo,Points Expiry Scam,"['reward points expiring', 'redeem cash', 'tonight only']",MEDIUM,95.8,Contains social engineering patterns matching Points Expiry Scam with artificial urgency.,programmatic_fictional_threat_pattern_generation,True
SYNTH_TXT_LEGIT_0181,Your package with tracking number TRK-28643 from Courier Express is out for delivery with driver Rahul.,legitimate_demo,Customer Notification,[],LOW,12.3,Standard benign notification containing no social engineering or urgency markers.,programmatic_fictional_template_variation,True
SYNTH_TXT_SCAM_0315,FINAL WARNING: Income Tax Notice: Discrepancy detected in FY24 assessment. Avoid asset freeze and criminal penalty by verifying ITR immediately: https://incometax-filing-alert.example/22463,suspicious_demo,Tax Authority Scam,"['asset freeze', 'criminal penalty', 'immediate action']",MEDIUM,74.7,Contains social engineering patterns matching Tax Authority Scam with artificial urgency.,programmatic_fictional_threat_pattern_generation,True
SYNTH_TXT_LEGIT_0001,Your package with tracking number TRK-93810 from Courier Express is out for delivery with driver Rahul.,legitimate_demo,Customer Notification,[],LOW,5.2,Standard benign notification containing no social engineering or urgency markers.,programmatic_fictional_template_variation,True
SYNTH_TXT_LEGIT_0220,Thank you for attending today's webinar on digital governance. Workshop slides have been emailed.,legitimate_demo,Customer Notification,[],LOW,7.6,Standard benign notification containing no social engineering or urgency markers.,programmatic_fictional_template_variation,True
SYNTH_TXT_LEGIT_0150,Your recurring auto-debit of INR 12450.00 for utility bill payment has been processed.,legitimate_demo,Customer Notification,[],LOW,6.4,Standard benign notification containing no social engineering or urgency markers.,programmatic_fictional_template_variation,True
SYNTH_TXT_LEGIT_0074,"Your train ticket PNR 36685 is confirmed. Coach B2, Seat 45. Departure scheduled 25-Oct at 06:15 AM.",legitimate_demo,Customer Notification,[],LOW,8.6,Standard benign notification containing no social engineering or urgency markers.,programmatic_fictional_template_variation,True
SYNTH_TXT_SCAM_0368,Share Market Insider VIP Group: 100% accurate SEBI multi-bagger calls. Join private Telegram channel before link expires: https://t.example/11013,suspicious_demo,Stock Market Scam,"['100% accurate', 'insider VIP', 'multi-bagger', 'expires']",MEDIUM,80.4,Contains social engineering patterns matching Stock Market Scam with artificial urgency.,programmatic_fictional_threat_pattern_generation,True
SYNTH_TXT_LEGIT_0124,Shipment update: Package #64921 has cleared the regional hub and is moving on schedule.,legitimate_demo,Customer Notification,[],LOW,8.3,Standard benign notification containing no social engineering or urgency markers.,programmatic_fictional_template_variation,True
SYNTH_TXT_SCAM_0295,"FINAL WARNING: Fast Personal Loan Approved: INR 5,00,000 pre-approved with zero interest for 6 months. Pay 2% processing fee to disburse: https://instant-loan-hub.example/70036",suspicious_demo,Loan Processing Fraud,"['pre-approved loan', 'zero interest', 'pay processing fee']",MEDIUM,84.9,Contains social engineering patterns matching Loan Processing Fraud with artificial urgency.,programmatic_fictional_threat_pattern_generation,True
SYNTH_TXT_SCAM_0264,"Congratulations! Your mobile number won 1st prize of INR 25,00,000 in KBC Lucky Draw 2026. Contact lottery manager Rana at +91 97777 57537",suspicious_demo,Lottery Fraud,"['KBC lucky draw', 'won 25 lakhs', 'lottery manager']",MEDIUM,68.1,Contains social engineering patterns matching Lottery Fraud with artificial urgency.,programmatic_fictional_threat_pattern_generation,True
SYNTH_TXT_SCAM_0324,"Congratulations! Your mobile number won 1st prize of INR 25,00,000 in KBC Lucky Draw 2026. Contact lottery manager Rana at +91 97777 97819",suspicious_demo,Lottery Fraud,"['KBC lucky draw', 'won 25 lakhs', 'lottery manager']",MEDIUM,68.8,Contains social engineering patterns matching Lottery Fraud with artificial urgency.,programmatic_fictional_threat_pattern_generation,True
SYNTH_TXT_LEGIT_0009,UPI transaction of INR 12450.00 to Grocery Store was successful on 12-Oct. Ref: 55082.,legitimate_demo,Customer Notification,[],LOW,11.5,Standard benign notification containing no social engineering or urgency markers.,programmatic_fictional_template_variation,True
SYNTH_TXT_SCAM_0275,"FINAL WARNING: Bank Alert: Your reward points worth INR 9,850 are expiring tonight. Redeem cash directly to bank account at https://bank-reward-redeem.example/82641",suspicious_demo,Points Expiry Scam,"['reward points expiring', 'redeem cash', 'tonight only']",MEDIUM,71.4,Contains social engineering patterns matching Points Expiry Scam with artificial urgency.,programmatic_fictional_threat_pattern_generation,True
SYNTH_TXT_SCAM_0306,"Earn INR 5,000 to 15,000 daily working part-time from home! Only 30 minutes daily reviewing travel videos. Join WhatsApp mentor: https://wa.example/88301",suspicious_demo,Task Job Scam,"['daily income', 'part time', 'review videos', 'WhatsApp mentor']",MEDIUM,81.4,Contains social engineering patterns matching Task Job Scam with artificial urgency.,programmatic_fictional_threat_pattern_generation,True
SYNTH_TXT_SCAM_0256,"Dear SBI Customer, your YONO account will be blocked today due to pending PAN KYC. Update PAN card now at https://sbi-kyc-verify.example/58629",suspicious_demo,Banking KYC Scam,"['account blocked', 'pending KYC', 'update PAN', 'urgent']",MEDIUM,85.8,Contains social engineering patterns matching Banking KYC Scam with artificial urgency.,programmatic_fictional_threat_pattern_generation,True
SYNTH_TXT_SCAM_0464,National Cyber Crime Bureau: Your device IP was traced in criminal operations. Call Investigating Inspector Verma immediately at +91 99999 41348 or face police raid.,suspicious_demo,Police Impersonation,"['police raid', 'cyber crime bureau', 'criminal operation']",MEDIUM,74.6,Contains social engineering patterns matching Police Impersonation with artificial urgency.,programmatic_fictional_threat_pattern_generation,True
SYNTH_TXT_SCAM_0429,"Congratulations! Your mobile number won 1st prize of INR 25,00,000 in KBC Lucky Draw 2026. Contact lottery manager Rana at +91 97777 98916",suspicious_demo,Lottery Fraud,"['KBC lucky draw', 'won 25 lakhs', 'lottery manager']",MEDIUM,77.0,Contains social engineering patterns matching Lottery Fraud with artificial urgency.,programmatic_fictional_threat_pattern_generation,True
SYNTH_TXT_LEGIT_0057,"Support ticket #61173 has been resolved. If you require further assistance, reply directly to this thread.",legitimate_demo,Customer Notification,[],LOW,5.7,Standard benign notification containing no social engineering or urgency markers.,programmatic_fictional_template_variation,True
SYNTH_TXT_LEGIT_0033,Your flight AI-76540 from Delhi to Bengaluru departs on 18-Oct at 14:20. Web check-in opens 48 hours prior.,legitimate_demo,Customer Notification,[],LOW,6.9,Standard benign notification containing no social engineering or urgency markers.,programmatic_fictional_template_variation,True
SYNTH_TXT_LEGIT_0235,Hotel booking confirmed at Grand Residency for check-in on 22-Oct. Reservation ID: 75107.,legitimate_demo,Customer Notification,[],LOW,9.9,Standard benign notification containing no social engineering or urgency markers.,programmatic_fictional_template_variation,True
SYNTH_TXT_SCAM_0319,FINAL WARNING: Urgent: Your bank electricity power will be disconnected at 9:30 PM due to unpaid bill. Call nodal power officer at +91 98888 21188 immediately.,suspicious_demo,Utility Disconnection,"['electricity disconnected', 'call officer', 'immediate payment']",MEDIUM,67.9,Contains social engineering patterns matching Utility Disconnection with artificial urgency.,programmatic_fictional_threat_pattern_generation,True
SYNTH_TXT_SCAM_0407,FINAL WARNING: HDFC Alert: Your bank debit card is temporarily suspended. Submit OTP and unfreeze account immediately at https://hdfc-unfreeze-secure.example/50685,suspicious_demo,Card Suspension,"['card suspended', 'submit OTP', 'unfreeze']",HIGH,79.3,Contains social engineering patterns matching Card Suspension with artificial urgency.,programmatic_fictional_threat_pattern_generation,True
SYNTH_TXT_SCAM_0328,Customs Seizure Alert: A FedEx courier containing illegal narcotics and fake passports under your name was seized. Pay verification deposit at https://customs-nodal.example/88696,suspicious_demo,Customs Seizure,"['customs seized', 'narcotics', 'verification deposit']",MEDIUM,74.7,Contains social engineering patterns matching Customs Seizure with artificial urgency.,programmatic_fictional_threat_pattern_generation,True
